"time","RR..kg.m.2.","TM..degree_Celsius.","SA..s.","lat","lon"
"1990-01-01T00:00+00:00",593.1,11.2,6617520,48.293533,16.333431
"1991-01-01T00:00+00:00",673.7,10,6115320,48.293533,16.333431
"1992-01-01T00:00+00:00",610.2,11.4,6833880,48.293533,16.333431
"1993-01-01T00:00+00:00",653.9,10.4,6676200,48.293533,16.333431
"1994-01-01T00:00+00:00",634.6,12,6838560,48.293533,16.333431
"1995-01-01T00:00+00:00",789.2,10.7,6215040,48.293533,16.333431
"1996-01-01T00:00+00:00",742.6,9.4,6063480,48.293533,16.333431
"1997-01-01T00:00+00:00",796.8,10.4,6916320,48.293533,16.333431
"1998-01-01T00:00+00:00",699.4,11.2,6607800,48.293533,16.333431
"1999-01-01T00:00+00:00",716.9,11.2,6554520,48.293533,16.333431
"2000-01-01T00:00+00:00",552.6,12.1,7084080,48.293533,16.333431
"2001-01-01T00:00+00:00",569.9,11,6382440,48.293533,16.333431
"2002-01-01T00:00+00:00",851.7,11.7,6753960,48.293533,16.333431
"2003-01-01T00:00+00:00",455.6,11.4,7893720,48.293533,16.333431
"2004-01-01T00:00+00:00",685.5,10.8,6562440,48.293533,16.333431
"2005-01-01T00:00+00:00",651.2,10.7,7088400,48.293533,16.333431
"2006-01-01T00:00+00:00",709.1,11.2,7451280,48.293533,16.333431
"2007-01-01T00:00+00:00",881.2,12.2,7365240,48.293533,16.333431
"2008-01-01T00:00+00:00",697.4,11.8,6825240,48.293533,16.333431
"2009-01-01T00:00+00:00",909.6,11.5,6824880,48.293533,16.333431
"2010-01-01T00:00+00:00",860.4,10.3,6272640,48.293533,16.333431
"2011-01-01T00:00+00:00",545.5,11.5,7614000,48.293533,16.333431
"2012-01-01T00:00+00:00",619.7,11.8,7371000,48.293533,16.333431
"2013-01-01T00:00+00:00",740.8,11.3,6643440,48.293533,16.333431
"2014-01-01T00:00+00:00",792.9,12.4,6559920,48.293533,16.333431
"2015-01-01T00:00+00:00",534.5,12.5,7037640,48.293533,16.333431
"2016-01-01T00:00+00:00",760.7,11.9,6950160,48.293533,16.333431
"2017-01-01T00:00+00:00",622.6,12,7264800,48.293533,16.333431
"2018-01-01T00:00+00:00",723.8,12.9,7418880,48.293533,16.333431
"2019-01-01T00:00+00:00",688.8,12.8,7255080,48.293533,16.333431
"2020-01-01T00:00+00:00",742.4,12.2,6898320,48.293533,16.333431
"2021-01-01T00:00+00:00",601.8,11.5,7020720,48.293533,16.333431
"2022-01-01T00:00+00:00",486.9,12.6,7153560,48.293533,16.333431
"2023-01-01T00:00+00:00",816.8,13,6673320,48.293533,16.333431
"2024-01-01T00:00+00:00",858.7,13.5,7097760,48.293533,16.333431
"2025-01-01T00:00+00:00",332.1,13,5273640,48.293533,16.333431
"time","RR..kg.m.2.","TM..degree_Celsius.","SA..s.","lat","lon"
"1991-01-01T00:00+00:00",564.3,10.3,6245640,48.245766,16.438494
"1992-01-01T00:00+00:00",502.2,11.7,6954840,48.245766,16.438494
"1993-01-01T00:00+00:00",546.8,10.6,6757920,48.245766,16.438494
"1994-01-01T00:00+00:00",513.3,12.2,7022880,48.245766,16.438494
"1995-01-01T00:00+00:00",672.8,10.9,6352560,48.245766,16.438494
"1996-01-01T00:00+00:00",634.5,9.6,6203880,48.245766,16.438494
"1997-01-01T00:00+00:00",642.9,10.7,7085520,48.245766,16.438494
"1998-01-01T00:00+00:00",570.7,11.4,6683760,48.245766,16.438494
"1999-01-01T00:00+00:00",615.8,11.4,6636960,48.245766,16.438494
"2000-01-01T00:00+00:00",489.6,12.4,7269120,48.245766,16.438494
"2001-01-01T00:00+00:00",480,11.2,6486840,48.245766,16.438494
"2002-01-01T00:00+00:00",732.5,12,6896520,48.245766,16.438494
"2003-01-01T00:00+00:00",402,11.6,8039160,48.245766,16.438494
"2004-01-01T00:00+00:00",571.1,11.1,6697440,48.245766,16.438494
"2005-01-01T00:00+00:00",547.1,11,7246080,48.245766,16.438494
"2006-01-01T00:00+00:00",584.3,11.5,7496280,48.245766,16.438494
"2007-01-01T00:00+00:00",767.4,12.4,7568640,48.245766,16.438494
"2008-01-01T00:00+00:00",603.7,12.1,6992640,48.245766,16.438494
"2009-01-01T00:00+00:00",713.9,11.9,7008480,48.245766,16.438494
"2010-01-01T00:00+00:00",734.2,10.6,6446880,48.245766,16.438494
"2011-01-01T00:00+00:00",448,11.8,7718040,48.245766,16.438494
"2012-01-01T00:00+00:00",519.1,12.1,7583040,48.245766,16.438494
"2013-01-01T00:00+00:00",615.6,11.6,6784920,48.245766,16.438494
"2014-01-01T00:00+00:00",715.1,12.7,6802560,48.245766,16.438494
"2015-01-01T00:00+00:00",456.2,12.7,7241040,48.245766,16.438494
"2016-01-01T00:00+00:00",650.6,12.1,7172640,48.245766,16.438494
"2017-01-01T00:00+00:00",530.3,12.3,7473600,48.245766,16.438494
"2018-01-01T00:00+00:00",622.1,13.1,7565760,48.245766,16.438494
"2019-01-01T00:00+00:00",560.1,13,7453440,48.245766,16.438494
"2020-01-01T00:00+00:00",640.4,12.5,7099560,48.245766,16.438494
"2021-01-01T00:00+00:00",521.1,11.7,7271280,48.245766,16.438494
"2022-01-01T00:00+00:00",410.3,12.8,7402320,48.245766,16.438494
"2023-01-01T00:00+00:00",710.6,13.2,6888960,48.245766,16.438494
"2024-01-01T00:00+00:00",720.8,13.8,7324200,48.245766,16.438494
"2025-01-01T00:00+00:00",281.5,13.3,5379120,48.245766,16.438494
"time","RR..kg.m.2.","TM..degree_Celsius.","SA..s.","lat","lon"
"1991-01-01T00:00+00:00",585.8,10.9,6232320,48.21088,16.395998
"1992-01-01T00:00+00:00",524.7,12.3,6982200,48.21088,16.395998
"1993-01-01T00:00+00:00",561.4,11.3,6742800,48.21088,16.395998
"1994-01-01T00:00+00:00",536.6,12.8,7031520,48.21088,16.395998
"1995-01-01T00:00+00:00",682.5,11.5,6365160,48.21088,16.395998
"1996-01-01T00:00+00:00",642.2,10.2,6156000,48.21088,16.395998
"1997-01-01T00:00+00:00",668.5,11.3,7071120,48.21088,16.395998
"1998-01-01T00:00+00:00",593.2,12,6728040,48.21088,16.395998
"1999-01-01T00:00+00:00",627.1,12,6667920,48.21088,16.395998
"2000-01-01T00:00+00:00",487.7,13,7279920,48.21088,16.395998
"2001-01-01T00:00+00:00",485.7,11.9,6543000,48.21088,16.395998
"2002-01-01T00:00+00:00",734,12.6,6835320,48.21088,16.395998
"2003-01-01T00:00+00:00",402.1,12.2,8004240,48.21088,16.395998
"2004-01-01T00:00+00:00",588.1,11.7,6677280,48.21088,16.395998
"2005-01-01T00:00+00:00",558.2,11.6,7248960,48.21088,16.395998
"2006-01-01T00:00+00:00",603.9,12.1,7548120,48.21088,16.395998
"2007-01-01T00:00+00:00",771.2,13.1,7517160,48.21088,16.395998
"2008-01-01T00:00+00:00",612.1,12.8,6983280,48.21088,16.395998
"2009-01-01T00:00+00:00",766.1,12.4,6976800,48.21088,16.395998
"2010-01-01T00:00+00:00",744.8,11.2,6431040,48.21088,16.395998
"2011-01-01T00:00+00:00",464.2,12.4,7713360,48.21088,16.395998
"2012-01-01T00:00+00:00",536.7,12.7,7566120,48.21088,16.395998
"2013-01-01T00:00+00:00",640.5,12.1,6753960,48.21088,16.395998
"2014-01-01T00:00+00:00",700.1,13.3,6720480,48.21088,16.395998
"2015-01-01T00:00+00:00",462.2,13.3,7246440,48.21088,16.395998
"2016-01-01T00:00+00:00",658.5,12.7,7134480,48.21088,16.395998
"2017-01-01T00:00+00:00",535.2,12.8,7434360,48.21088,16.395998
"2018-01-01T00:00+00:00",631,13.7,7496640,48.21088,16.395998
"2019-01-01T00:00+00:00",580.5,13.6,7393320,48.21088,16.395998
"2020-01-01T00:00+00:00",641.1,13.1,7063200,48.21088,16.395998
"2021-01-01T00:00+00:00",522.6,12.4,7249320,48.21088,16.395998
"2022-01-01T00:00+00:00",417.7,13.4,7370640,48.21088,16.395998
"2023-01-01T00:00+00:00",719.9,13.9,6860160,48.21088,16.395998
"2024-01-01T00:00+00:00",735.1,14.4,7302600,48.21088,16.395998
"2025-01-01T00:00+00:00",286,13.9,5312520,48.21088,16.395998
"time","RR..kg.m.2.","TM..degree_Celsius.","SA..s.","lat","lon"
"1991-01-01T00:00+00:00",627.6,10.5,6240600,48.175632,16.367
"1992-01-01T00:00+00:00",545.5,11.9,6967080,48.175632,16.367
"1993-01-01T00:00+00:00",577.3,10.9,6750720,48.175632,16.367
"1994-01-01T00:00+00:00",558.6,12.4,6964920,48.175632,16.367
"1995-01-01T00:00+00:00",695.3,11.1,6319440,48.175632,16.367
"1996-01-01T00:00+00:00",656.8,9.7,6158520,48.175632,16.367
"1997-01-01T00:00+00:00",703.9,10.9,7020000,48.175632,16.367
"1998-01-01T00:00+00:00",611.2,11.5,6696000,48.175632,16.367
"1999-01-01T00:00+00:00",646.7,11.5,6616440,48.175632,16.367
"2000-01-01T00:00+00:00",493.9,12.5,7259760,48.175632,16.367
"2001-01-01T00:00+00:00",502.9,11.4,6578640,48.175632,16.367
"2002-01-01T00:00+00:00",753.2,12.2,6811200,48.175632,16.367
"2003-01-01T00:00+00:00",408.4,11.8,8052120,48.175632,16.367
"2004-01-01T00:00+00:00",614.1,11.2,6620400,48.175632,16.367
"2005-01-01T00:00+00:00",597.2,11.1,7250040,48.175632,16.367
"2006-01-01T00:00+00:00",623.4,11.6,7517160,48.175632,16.367
"2007-01-01T00:00+00:00",792.9,12.6,7522920,48.175632,16.367
"2008-01-01T00:00+00:00",637.2,12.3,6976800,48.175632,16.367
"2009-01-01T00:00+00:00",805.4,12,6972840,48.175632,16.367
"2010-01-01T00:00+00:00",757.4,10.8,6413040,48.175632,16.367
"2011-01-01T00:00+00:00",489.1,12,7727040,48.175632,16.367
"2012-01-01T00:00+00:00",557.1,12.2,7535520,48.175632,16.367
"2013-01-01T00:00+00:00",660.7,11.7,6760800,48.175632,16.367
"2014-01-01T00:00+00:00",714.4,12.9,6665040,48.175632,16.367
"2015-01-01T00:00+00:00",481.7,12.9,7291440,48.175632,16.367
"2016-01-01T00:00+00:00",679.4,12.3,7161480,48.175632,16.367
"2017-01-01T00:00+00:00",559.1,12.4,7473600,48.175632,16.367
"2018-01-01T00:00+00:00",647.6,13.2,7528320,48.175632,16.367
"2019-01-01T00:00+00:00",596,13.2,7420680,48.175632,16.367
"2020-01-01T00:00+00:00",659.6,12.6,7053120,48.175632,16.367
"2021-01-01T00:00+00:00",533.1,11.9,7278480,48.175632,16.367
"2022-01-01T00:00+00:00",433.4,13,7357320,48.175632,16.367
"2023-01-01T00:00+00:00",728.1,13.4,6858000,48.175632,16.367
"2024-01-01T00:00+00:00",752.5,13.9,7294320,48.175632,16.367
"2025-01-01T00:00+00:00",303.2,13.4,5298120,48.175632,16.367
"time","RR..kg.m.2.","TM..degree_Celsius.","SA..s.","lat","lon"
"1991-01-01T00:00+00:00",598.2,10.4,6256440,48.2382,16.384134
"1992-01-01T00:00+00:00",542.1,11.8,6986880,48.2382,16.384134
"1993-01-01T00:00+00:00",578,10.8,6780960,48.2382,16.384134
"1994-01-01T00:00+00:00",555.9,12.3,7067520,48.2382,16.384134
"1995-01-01T00:00+00:00",701.1,11.1,6404040,48.2382,16.384134
"1996-01-01T00:00+00:00",656,9.8,6192000,48.2382,16.384134
"1997-01-01T00:00+00:00",688.9,10.8,7083360,48.2382,16.384134
"1998-01-01T00:00+00:00",614,11.5,6757920,48.2382,16.384134
"1999-01-01T00:00+00:00",640.3,11.5,6694560,48.2382,16.384134
"2000-01-01T00:00+00:00",494.5,12.5,7322400,48.2382,16.384134
"2001-01-01T00:00+00:00",495,11.4,6562440,48.2382,16.384134
"2002-01-01T00:00+00:00",746.6,12.1,6868800,48.2382,16.384134
"2003-01-01T00:00+00:00",407.8,11.8,7979040,48.2382,16.384134
"2004-01-01T00:00+00:00",603.2,11.2,6691320,48.2382,16.384134
"2005-01-01T00:00+00:00",565.7,11.1,7264440,48.2382,16.384134
"2006-01-01T00:00+00:00",622.9,11.6,7568640,48.2382,16.384134
"2007-01-01T00:00+00:00",782.6,12.6,7553520,48.2382,16.384134
"2008-01-01T00:00+00:00",620.2,12.3,7021440,48.2382,16.384134
"2009-01-01T00:00+00:00",798.7,12,6989040,48.2382,16.384134
"2010-01-01T00:00+00:00",764.4,10.7,6444360,48.2382,16.384134
"2011-01-01T00:00+00:00",477.2,11.9,7734240,48.2382,16.384134
"2012-01-01T00:00+00:00",550.2,12.2,7601040,48.2382,16.384134
"2013-01-01T00:00+00:00",659.9,11.7,6804360,48.2382,16.384134
"2014-01-01T00:00+00:00",703.9,12.8,6779160,48.2382,16.384134
"2015-01-01T00:00+00:00",470,12.9,7256880,48.2382,16.384134
"2016-01-01T00:00+00:00",671.4,12.3,7165080,48.2382,16.384134
"2017-01-01T00:00+00:00",542.7,12.4,7466760,48.2382,16.384134
"2018-01-01T00:00+00:00",644.6,13.2,7530120,48.2382,16.384134
"2019-01-01T00:00+00:00",603.4,13.2,7428240,48.2382,16.384134
"2020-01-01T00:00+00:00",649,12.6,7054560,48.2382,16.384134
"2021-01-01T00:00+00:00",531.4,11.9,7273440,48.2382,16.384134
"2022-01-01T00:00+00:00",426.8,13,7401240,48.2382,16.384134
"2023-01-01T00:00+00:00",738.9,13.3,6904440,48.2382,16.384134
"2024-01-01T00:00+00:00",751.5,13.9,7330680,48.2382,16.384134
"2025-01-01T00:00+00:00",289.3,13.4,5338080,48.2382,16.384134
"time","RR..kg.m.2.","TM..degree_Celsius.","SA..s.","lat","lon"
"1991-01-01T00:00+00:00",590,10.8,6221160,48.201893,16.395468
"1992-01-01T00:00+00:00",525.8,12.3,6981480,48.201893,16.395468
"1993-01-01T00:00+00:00",561.8,11.2,6734520,48.201893,16.395468
"1994-01-01T00:00+00:00",536.8,12.8,7019280,48.201893,16.395468
"1995-01-01T00:00+00:00",682.9,11.5,6346080,48.201893,16.395468
"1996-01-01T00:00+00:00",644.9,10.1,6139080,48.201893,16.395468
"1997-01-01T00:00+00:00",669.2,11.2,7063920,48.201893,16.395468
"1998-01-01T00:00+00:00",592.5,11.9,6714000,48.201893,16.395468
"1999-01-01T00:00+00:00",628.3,12,6659640,48.201893,16.395468
"2000-01-01T00:00+00:00",489.9,12.9,7273080,48.201893,16.395468
"2001-01-01T00:00+00:00",488.1,11.8,6537600,48.201893,16.395468
"2002-01-01T00:00+00:00",736.4,12.6,6831360,48.201893,16.395468
"2003-01-01T00:00+00:00",403.1,12.2,8011800,48.201893,16.395468
"2004-01-01T00:00+00:00",589.7,11.6,6674040,48.201893,16.395468
"2005-01-01T00:00+00:00",562.5,11.5,7239960,48.201893,16.395468
"2006-01-01T00:00+00:00",603.5,12.1,7537680,48.201893,16.395468
"2007-01-01T00:00+00:00",775.5,13,7509240,48.201893,16.395468
"2008-01-01T00:00+00:00",615.1,12.7,6974640,48.201893,16.395468
"2009-01-01T00:00+00:00",765.8,12.4,6975000,48.201893,16.395468
"2010-01-01T00:00+00:00",745,11.1,6419880,48.201893,16.395468
"2011-01-01T00:00+00:00",465.8,12.4,7705080,48.201893,16.395468
"2012-01-01T00:00+00:00",536.9,12.6,7557840,48.201893,16.395468
"2013-01-01T00:00+00:00",641,12.1,6747480,48.201893,16.395468
"2014-01-01T00:00+00:00",703.3,13.2,6701760,48.201893,16.395468
"2015-01-01T00:00+00:00",464.5,13.3,7224840,48.201893,16.395468
"2016-01-01T00:00+00:00",660.2,12.7,7122960,48.201893,16.395468
"2017-01-01T00:00+00:00",537.5,12.8,7424640,48.201893,16.395468
"2018-01-01T00:00+00:00",632.3,13.6,7491600,48.201893,16.395468
"2019-01-01T00:00+00:00",579.7,13.6,7395120,48.201893,16.395468
"2020-01-01T00:00+00:00",643.9,13,7066800,48.201893,16.395468
"2021-01-01T00:00+00:00",523.1,12.3,7242480,48.201893,16.395468
"2022-01-01T00:00+00:00",419.9,13.4,7362720,48.201893,16.395468
"2023-01-01T00:00+00:00",720.6,13.8,6850080,48.201893,16.395468
"2024-01-01T00:00+00:00",736.8,14.4,7286760,48.201893,16.395468
"2025-01-01T00:00+00:00",288,13.9,5314320,48.201893,16.395468
"time","RR..kg.m.2.","TM..degree_Celsius.","SA..s.","lat","lon"
"1991-01-01T00:00+00:00",637.1,11.1,6258600,48.20295,16.35513
"1992-01-01T00:00+00:00",559.3,12.5,6961680,48.20295,16.35513
"1993-01-01T00:00+00:00",599.2,11.5,6764400,48.20295,16.35513
"1994-01-01T00:00+00:00",579.5,13,6993360,48.20295,16.35513
"1995-01-01T00:00+00:00",720.3,11.7,6347880,48.20295,16.35513
"1996-01-01T00:00+00:00",675,10.3,6169320,48.20295,16.35513
"1997-01-01T00:00+00:00",735.3,11.5,7014600,48.20295,16.35513
"1998-01-01T00:00+00:00",637.7,12.2,6744240,48.20295,16.35513
"1999-01-01T00:00+00:00",667,12.2,6672960,48.20295,16.35513
"2000-01-01T00:00+00:00",501.2,13.1,7279200,48.20295,16.35513
"2001-01-01T00:00+00:00",517.2,12,6581880,48.20295,16.35513
"2002-01-01T00:00+00:00",775,12.8,6826680,48.20295,16.35513
"2003-01-01T00:00+00:00",415.7,12.4,8040240,48.20295,16.35513
"2004-01-01T00:00+00:00",638.1,11.8,6670440,48.20295,16.35513
"2005-01-01T00:00+00:00",608.5,11.7,7285680,48.20295,16.35513
"2006-01-01T00:00+00:00",644.9,12.3,7560720,48.20295,16.35513
"2007-01-01T00:00+00:00",816.1,13.2,7543800,48.20295,16.35513
"2008-01-01T00:00+00:00",654.2,12.9,6995880,48.20295,16.35513
"2009-01-01T00:00+00:00",841.6,12.6,6960240,48.20295,16.35513
"2010-01-01T00:00+00:00",780.5,11.4,6426720,48.20295,16.35513
"2011-01-01T00:00+00:00",503.3,12.6,7723800,48.20295,16.35513
"2012-01-01T00:00+00:00",574.5,12.8,7588440,48.20295,16.35513
"2013-01-01T00:00+00:00",684.7,12.2,6784920,48.20295,16.35513
"2014-01-01T00:00+00:00",731.7,13.4,6691680,48.20295,16.35513
"2015-01-01T00:00+00:00",492.1,13.5,7308360,48.20295,16.35513
"2016-01-01T00:00+00:00",695.3,12.9,7164720,48.20295,16.35513
"2017-01-01T00:00+00:00",570.8,13,7466400,48.20295,16.35513
"2018-01-01T00:00+00:00",666.1,13.8,7504920,48.20295,16.35513
"2019-01-01T00:00+00:00",617.6,13.8,7423560,48.20295,16.35513
"2020-01-01T00:00+00:00",679.9,13.3,7011720,48.20295,16.35513
"2021-01-01T00:00+00:00",548.1,12.5,7251480,48.20295,16.35513
"2022-01-01T00:00+00:00",443.8,13.6,7363080,48.20295,16.35513
"2023-01-01T00:00+00:00",744.6,14.1,6857280,48.20295,16.35513
"2024-01-01T00:00+00:00",780.1,14.6,7326720,48.20295,16.35513
"2025-01-01T00:00+00:00",307.9,14.1,5288040,48.20295,16.35513
"time","RR..kg.m.2.","TM..degree_Celsius.","SA..s.","lat","lon"
"1991-01-01T00:00+00:00",783.6,9.5,6153480,48.231644,16.28943
"1992-01-01T00:00+00:00",671.1,10.9,6825240,48.231644,16.28943
"1993-01-01T00:00+00:00",722.2,9.9,6693840,48.231644,16.28943
"1994-01-01T00:00+00:00",710.6,11.4,6886080,48.231644,16.28943
"1995-01-01T00:00+00:00",857.8,10.2,6211080,48.231644,16.28943
"1996-01-01T00:00+00:00",799.8,8.8,6081840,48.231644,16.28943
"1997-01-01T00:00+00:00",916.4,9.9,6910200,48.231644,16.28943
"1998-01-01T00:00+00:00",756.9,10.6,6607440,48.231644,16.28943
"1999-01-01T00:00+00:00",807.5,10.6,6548400,48.231644,16.28943
"2000-01-01T00:00+00:00",589.1,11.5,7077960,48.231644,16.28943
"2001-01-01T00:00+00:00",619.2,10.5,6428880,48.231644,16.28943
"2002-01-01T00:00+00:00",933.4,11.2,6716160,48.231644,16.28943
"2003-01-01T00:00+00:00",489.8,10.8,7922880,48.231644,16.28943
"2004-01-01T00:00+00:00",802.6,10.3,6558120,48.231644,16.28943
"2005-01-01T00:00+00:00",765.3,10.1,7135920,48.231644,16.28943
"2006-01-01T00:00+00:00",776.3,10.6,7479360,48.231644,16.28943
"2007-01-01T00:00+00:00",984.5,11.6,7439040,48.231644,16.28943
"2008-01-01T00:00+00:00",787.5,11.3,6850440,48.231644,16.28943
"2009-01-01T00:00+00:00",1028.1,10.9,6872040,48.231644,16.28943
"2010-01-01T00:00+00:00",908.3,9.8,6290640,48.231644,16.28943
"2011-01-01T00:00+00:00",604.4,11,7615080,48.231644,16.28943
"2012-01-01T00:00+00:00",688.6,11.2,7430400,48.231644,16.28943
"2013-01-01T00:00+00:00",817.7,10.7,6696720,48.231644,16.28943
"2014-01-01T00:00+00:00",871.7,11.9,6546240,48.231644,16.28943
"2015-01-01T00:00+00:00",605.1,11.9,7150680,48.231644,16.28943
"2016-01-01T00:00+00:00",834.1,11.3,6977160,48.231644,16.28943
"2017-01-01T00:00+00:00",696,11.4,7359480,48.231644,16.28943
"2018-01-01T00:00+00:00",797.2,12.2,7452000,48.231644,16.28943
"2019-01-01T00:00+00:00",740.4,12.2,7282800,48.231644,16.28943
"2020-01-01T00:00+00:00",808.4,11.6,6896520,48.231644,16.28943
"2021-01-01T00:00+00:00",653,10.9,7096680,48.231644,16.28943
"2022-01-01T00:00+00:00",529.2,12,7234920,48.231644,16.28943
"2023-01-01T00:00+00:00",873.9,12.4,6715440,48.231644,16.28943
"2024-01-01T00:00+00:00",918.4,12.9,7131600,48.231644,16.28943
"2025-01-01T00:00+00:00",369.7,12.4,5186880,48.231644,16.28943
"time","RR..kg.m.2.","TM..degree_Celsius.","SA..s.","lat","lon"
"1991-01-01T00:00+00:00",620.9,11.3,6248160,48.2026,16.368576
"1992-01-01T00:00+00:00",550.6,12.7,6965280,48.2026,16.368576
"1993-01-01T00:00+00:00",586.8,11.7,6749640,48.2026,16.368576
"1994-01-01T00:00+00:00",565.6,13.2,7003440,48.2026,16.368576
"1995-01-01T00:00+00:00",709,11.9,6354720,48.2026,16.368576
"1996-01-01T00:00+00:00",665.5,10.5,6160320,48.2026,16.368576
"1997-01-01T00:00+00:00",711.1,11.6,7027200,48.2026,16.368576
"1998-01-01T00:00+00:00",626.3,12.3,6738120,48.2026,16.368576
"1999-01-01T00:00+00:00",652.4,12.3,6657840,48.2026,16.368576
"2000-01-01T00:00+00:00",496.7,13.3,7286040,48.2026,16.368576
"2001-01-01T00:00+00:00",508,12.2,6557760,48.2026,16.368576
"2002-01-01T00:00+00:00",760.3,13,6832080,48.2026,16.368576
"2003-01-01T00:00+00:00",410.5,12.6,8008560,48.2026,16.368576
"2004-01-01T00:00+00:00",619.3,12,6654240,48.2026,16.368576
"2005-01-01T00:00+00:00",589.3,11.9,7258680,48.2026,16.368576
"2006-01-01T00:00+00:00",631.8,12.5,7543800,48.2026,16.368576
"2007-01-01T00:00+00:00",800.7,13.4,7515720,48.2026,16.368576
"2008-01-01T00:00+00:00",640.5,13.1,6985440,48.2026,16.368576
"2009-01-01T00:00+00:00",820.3,12.8,6966720,48.2026,16.368576
"2010-01-01T00:00+00:00",770.9,11.5,6414840,48.2026,16.368576
"2011-01-01T00:00+00:00",493,12.8,7714440,48.2026,16.368576
"2012-01-01T00:00+00:00",563.3,13,7556400,48.2026,16.368576
"2013-01-01T00:00+00:00",671.9,12.4,6767280,48.2026,16.368576
"2014-01-01T00:00+00:00",718.7,13.6,6710040,48.2026,16.368576
"2015-01-01T00:00+00:00",481.1,13.7,7274160,48.2026,16.368576
"2016-01-01T00:00+00:00",681.7,13.1,7147440,48.2026,16.368576
"2017-01-01T00:00+00:00",558.3,13.2,7435800,48.2026,16.368576
"2018-01-01T00:00+00:00",654.6,14,7493040,48.2026,16.368576
"2019-01-01T00:00+00:00",607,14,7401240,48.2026,16.368576
"2020-01-01T00:00+00:00",667,13.4,7032240,48.2026,16.368576
"2021-01-01T00:00+00:00",537.4,12.7,7256880,48.2026,16.368576
"2022-01-01T00:00+00:00",436.6,13.8,7345080,48.2026,16.368576
"2023-01-01T00:00+00:00",736,14.2,6856920,48.2026,16.368576
"2024-01-01T00:00+00:00",768.8,14.8,7300800,48.2026,16.368576
"2025-01-01T00:00+00:00",301,14.3,5304240,48.2026,16.368576
"time","RR..kg.m.2.","TM..degree_Celsius.","SA..s.","lat","lon"
"1991-01-01T00:00+00:00",583.4,10.5,6226560,48.219868,16.39653
"1992-01-01T00:00+00:00",523.6,11.8,6963840,48.219868,16.39653
"1993-01-01T00:00+00:00",562.1,10.8,6734160,48.219868,16.39653
"1994-01-01T00:00+00:00",536.1,12.4,7027920,48.219868,16.39653
"1995-01-01T00:00+00:00",683,11.1,6358320,48.219868,16.39653
"1996-01-01T00:00+00:00",641,9.8,6157800,48.219868,16.39653
"1997-01-01T00:00+00:00",667.8,10.8,7051320,48.219868,16.39653
"1998-01-01T00:00+00:00",592.8,11.6,6718680,48.219868,16.39653
"1999-01-01T00:00+00:00",625,11.6,6662880,48.219868,16.39653
"2000-01-01T00:00+00:00",486.4,12.5,7265160,48.219868,16.39653
"2001-01-01T00:00+00:00",483.1,11.4,6539400,48.219868,16.39653
"2002-01-01T00:00+00:00",733.4,12.2,6839640,48.219868,16.39653
"2003-01-01T00:00+00:00",401.2,11.8,7990560,48.219868,16.39653
"2004-01-01T00:00+00:00",587.1,11.3,6655680,48.219868,16.39653
"2005-01-01T00:00+00:00",554.2,11.1,7241040,48.219868,16.39653
"2006-01-01T00:00+00:00",604.6,11.7,7547400,48.219868,16.39653
"2007-01-01T00:00+00:00",769,12.6,7508880,48.219868,16.39653
"2008-01-01T00:00+00:00",608.9,12.3,6973920,48.219868,16.39653
"2009-01-01T00:00+00:00",765.4,12,6966360,48.219868,16.39653
"2010-01-01T00:00+00:00",745.7,10.8,6423840,48.219868,16.39653
"2011-01-01T00:00+00:00",463.1,11.9,7700760,48.219868,16.39653
"2012-01-01T00:00+00:00",535,12.2,7551360,48.219868,16.39653
"2013-01-01T00:00+00:00",639.5,11.7,6756840,48.219868,16.39653
"2014-01-01T00:00+00:00",697.2,12.9,6730920,48.219868,16.39653
"2015-01-01T00:00+00:00",459.7,12.9,7246080,48.219868,16.39653
"2016-01-01T00:00+00:00",656.4,12.3,7129800,48.219868,16.39653
"2017-01-01T00:00+00:00",532.7,12.4,7434360,48.219868,16.39653
"2018-01-01T00:00+00:00",629.6,13.2,7493760,48.219868,16.39653
"2019-01-01T00:00+00:00",582.1,13.2,7391160,48.219868,16.39653
"2020-01-01T00:00+00:00",638.4,12.7,7048080,48.219868,16.39653
"2021-01-01T00:00+00:00",520.6,11.9,7253640,48.219868,16.39653
"2022-01-01T00:00+00:00",416.8,13,7361280,48.219868,16.39653
"2023-01-01T00:00+00:00",720.3,13.4,6855840,48.219868,16.39653
"2024-01-01T00:00+00:00",732.6,14,7297200,48.219868,16.39653
"2025-01-01T00:00+00:00",283.8,13.5,5309280,48.219868,16.39653
"time","RR..kg.m.2.","TM..degree_Celsius.","SA..s.","lat","lon"
"1991-01-01T00:00+00:00",641.1,10.3,6319800,48.148663,16.365427
"1992-01-01T00:00+00:00",545.9,11.6,7013880,48.148663,16.365427
"1993-01-01T00:00+00:00",563.7,10.6,6798960,48.148663,16.365427
"1994-01-01T00:00+00:00",548.7,12.2,6984360,48.148663,16.365427
"1995-01-01T00:00+00:00",684.1,10.9,6361560,48.148663,16.365427
"1996-01-01T00:00+00:00",652.7,9.5,6226920,48.148663,16.365427
"1997-01-01T00:00+00:00",699.8,10.6,7077960,48.148663,16.365427
"1998-01-01T00:00+00:00",593.6,11.3,6742440,48.148663,16.365427
"1999-01-01T00:00+00:00",643,11.3,6659280,48.148663,16.365427
"2000-01-01T00:00+00:00",493,12.3,7340400,48.148663,16.365427
"2001-01-01T00:00+00:00",502.3,11.2,6635160,48.148663,16.365427
"2002-01-01T00:00+00:00",745.9,12,6882480,48.148663,16.365427
"2003-01-01T00:00+00:00",405.7,11.6,8163000,48.148663,16.365427
"2004-01-01T00:00+00:00",601.7,11.1,6695640,48.148663,16.365427
"2005-01-01T00:00+00:00",602.2,10.9,7357320,48.148663,16.365427
"2006-01-01T00:00+00:00",605.9,11.5,7511040,48.148663,16.365427
"2007-01-01T00:00+00:00",783.4,12.4,7621560,48.148663,16.365427
"2008-01-01T00:00+00:00",639.6,12.1,7070040,48.148663,16.365427
"2009-01-01T00:00+00:00",787,11.8,7053840,48.148663,16.365427
"2010-01-01T00:00+00:00",745.4,10.5,6453360,48.148663,16.365427
"2011-01-01T00:00+00:00",488.6,11.7,7816680,48.148663,16.365427
"2012-01-01T00:00+00:00",551.4,12,7657200,48.148663,16.365427
"2013-01-01T00:00+00:00",647,11.5,6816240,48.148663,16.365427
"2014-01-01T00:00+00:00",710.3,12.7,6746760,48.148663,16.365427
"2015-01-01T00:00+00:00",477,12.7,7380720,48.148663,16.365427
"2016-01-01T00:00+00:00",675.6,12.1,7281720,48.148663,16.365427
"2017-01-01T00:00+00:00",563.2,12.2,7595640,48.148663,16.365427
"2018-01-01T00:00+00:00",636.5,13,7661160,48.148663,16.365427
"2019-01-01T00:00+00:00",579.8,13,7542720,48.148663,16.365427
"2020-01-01T00:00+00:00",650.2,12.3,7163640,48.148663,16.365427
"2021-01-01T00:00+00:00",531.2,11.6,7386840,48.148663,16.365427
"2022-01-01T00:00+00:00",428.5,12.7,7456320,48.148663,16.365427
"2023-01-01T00:00+00:00",715.5,13.1,6928200,48.148663,16.365427
"2024-01-01T00:00+00:00",731.3,13.7,7352280,48.148663,16.365427
"2025-01-01T00:00+00:00",312.5,13.2,5381280,48.148663,16.365427
"time","RR..kg.m.2.","TM..degree_Celsius.","SA..s.","lat","lon"
"1991-01-01T00:00+00:00",729.6,9.3,5940360,48.294567,16.293018
"1992-01-01T00:00+00:00",659.2,10.7,6653520,48.294567,16.293018
"1993-01-01T00:00+00:00",698.2,9.7,6469560,48.294567,16.293018
"1994-01-01T00:00+00:00",681.9,11.3,6676200,48.294567,16.293018
"1995-01-01T00:00+00:00",846.7,10,5951520,48.294567,16.293018
"1996-01-01T00:00+00:00",804.4,8.7,5845680,48.294567,16.293018
"1997-01-01T00:00+00:00",857.4,9.8,6705360,48.294567,16.293018
"1998-01-01T00:00+00:00",739.9,10.5,6367320,48.294567,16.293018
"1999-01-01T00:00+00:00",779.1,10.5,6388920,48.294567,16.293018
"2000-01-01T00:00+00:00",595.2,11.4,6852600,48.294567,16.293018
"2001-01-01T00:00+00:00",629.5,10.3,6150600,48.294567,16.293018
"2002-01-01T00:00+00:00",924.5,11,6555600,48.294567,16.293018
"2003-01-01T00:00+00:00",492.2,10.7,7703640,48.294567,16.293018
"2004-01-01T00:00+00:00",753.7,10.1,6397560,48.294567,16.293018
"2005-01-01T00:00+00:00",736,10,6861960,48.294567,16.293018
"2006-01-01T00:00+00:00",768.7,10.5,7242840,48.294567,16.293018
"2007-01-01T00:00+00:00",956.6,11.5,7148520,48.294567,16.293018
"2008-01-01T00:00+00:00",759.2,11.1,6620760,48.294567,16.293018
"2009-01-01T00:00+00:00",999.5,10.8,6663240,48.294567,16.293018
"2010-01-01T00:00+00:00",925.7,9.6,6112080,48.294567,16.293018
"2011-01-01T00:00+00:00",594.1,10.8,7394040,48.294567,16.293018
"2012-01-01T00:00+00:00",675.2,11,7189920,48.294567,16.293018
"2013-01-01T00:00+00:00",813.4,10.5,6463800,48.294567,16.293018
"2014-01-01T00:00+00:00",851.9,11.7,6341040,48.294567,16.293018
"2015-01-01T00:00+00:00",588.8,11.8,6820920,48.294567,16.293018
"2016-01-01T00:00+00:00",826.2,11.1,6728760,48.294567,16.293018
"2017-01-01T00:00+00:00",682.7,11.3,7065000,48.294567,16.293018
"2018-01-01T00:00+00:00",788.1,12.2,7236360,48.294567,16.293018
"2019-01-01T00:00+00:00",750.3,12,7092000,48.294567,16.293018
"2020-01-01T00:00+00:00",816.1,11.5,6745680,48.294567,16.293018
"2021-01-01T00:00+00:00",660,10.8,6819120,48.294567,16.293018
"2022-01-01T00:00+00:00",540.5,11.9,6984720,48.294567,16.293018
"2023-01-01T00:00+00:00",872.5,12.3,6522480,48.294567,16.293018
"2024-01-01T00:00+00:00",951,12.8,6904800,48.294567,16.293018
"2025-01-01T00:00+00:00",370.8,12.3,5112360,48.294567,16.293018
"time","RR..kg.m.2.","TM..degree_Celsius.","SA..s.","lat","lon"
"1991-01-01T00:00+00:00",739.3,9.7,6260400,48.17771,16.286362
"1992-01-01T00:00+00:00",606.8,11.1,6942600,48.17771,16.286362
"1993-01-01T00:00+00:00",650.1,10.1,6752160,48.17771,16.286362
"1994-01-01T00:00+00:00",644.2,11.6,6912720,48.17771,16.286362
"1995-01-01T00:00+00:00",765.6,10.4,6279120,48.17771,16.286362
"1996-01-01T00:00+00:00",719,9,6092280,48.17771,16.286362
"1997-01-01T00:00+00:00",836.5,10.2,6998760,48.17771,16.286362
"1998-01-01T00:00+00:00",671.8,10.9,6633000,48.17771,16.286362
"1999-01-01T00:00+00:00",732.8,10.9,6592680,48.17771,16.286362
"2000-01-01T00:00+00:00",530.8,11.8,7181280,48.17771,16.286362
"2001-01-01T00:00+00:00",564.3,10.8,6472080,48.17771,16.286362
"2002-01-01T00:00+00:00",849.9,11.4,6747480,48.17771,16.286362
"2003-01-01T00:00+00:00",441.6,11.1,8052120,48.17771,16.286362
"2004-01-01T00:00+00:00",734.8,10.5,6622560,48.17771,16.286362
"2005-01-01T00:00+00:00",723.5,10.3,7173720,48.17771,16.286362
"2006-01-01T00:00+00:00",698.1,10.9,7469280,48.17771,16.286362
"2007-01-01T00:00+00:00",892.2,11.9,7498800,48.17771,16.286362
"2008-01-01T00:00+00:00",724.5,11.6,6926040,48.17771,16.286362
"2009-01-01T00:00+00:00",921.8,11.2,6923520,48.17771,16.286362
"2010-01-01T00:00+00:00",811.7,10,6370200,48.17771,16.286362
"2011-01-01T00:00+00:00",555.3,11.2,7683480,48.17771,16.286362
"2012-01-01T00:00+00:00",623.7,11.5,7526880,48.17771,16.286362
"2013-01-01T00:00+00:00",735.1,11,6758640,48.17771,16.286362
"2014-01-01T00:00+00:00",798,12.1,6585120,48.17771,16.286362
"2015-01-01T00:00+00:00",556.8,12.2,7200000,48.17771,16.286362
"2016-01-01T00:00+00:00",760.4,11.6,7083000,48.17771,16.286362
"2017-01-01T00:00+00:00",642.1,11.6,7423200,48.17771,16.286362
"2018-01-01T00:00+00:00",716.9,12.5,7500600,48.17771,16.286362
"2019-01-01T00:00+00:00",657.6,12.5,7359480,48.17771,16.286362
"2020-01-01T00:00+00:00",739.3,11.9,7008120,48.17771,16.286362
"2021-01-01T00:00+00:00",587.9,11.2,7198560,48.17771,16.286362
"2022-01-01T00:00+00:00",480.7,12.2,7321320,48.17771,16.286362
"2023-01-01T00:00+00:00",785.7,12.7,6767280,48.17771,16.286362
"2024-01-01T00:00+00:00",815.6,13.2,7163280,48.17771,16.286362
"2025-01-01T00:00+00:00",345.1,12.6,5255280,48.17771,16.286362
"time","RR..kg.m.2.","TM..degree_Celsius.","SA..s.","lat","lon"
"1991-01-01T00:00+00:00",622.4,11.2,6183360,48.193607,16.368052
"1992-01-01T00:00+00:00",549.7,12.6,6923160,48.193607,16.368052
"1993-01-01T00:00+00:00",585.2,11.6,6703200,48.193607,16.368052
"1994-01-01T00:00+00:00",563.9,13.1,6937560,48.193607,16.368052
"1995-01-01T00:00+00:00",705.9,11.8,6302520,48.193607,16.368052
"1996-01-01T00:00+00:00",663.8,10.4,6119280,48.193607,16.368052
"1997-01-01T00:00+00:00",710.2,11.6,6976800,48.193607,16.368052
"1998-01-01T00:00+00:00",623,12.2,6649200,48.193607,16.368052
"1999-01-01T00:00+00:00",649.8,12.2,6587280,48.193607,16.368052
"2000-01-01T00:00+00:00",495.7,13.2,7223760,48.193607,16.368052
"2001-01-01T00:00+00:00",506.8,12.1,6501960,48.193607,16.368052
"2002-01-01T00:00+00:00",757.7,12.9,6757200,48.193607,16.368052
"2003-01-01T00:00+00:00",409.6,12.5,7964280,48.193607,16.368052
"2004-01-01T00:00+00:00",618.3,11.9,6585480,48.193607,16.368052
"2005-01-01T00:00+00:00",591.3,11.8,7184880,48.193607,16.368052
"2006-01-01T00:00+00:00",630.1,12.4,7486560,48.193607,16.368052
"2007-01-01T00:00+00:00",799.4,13.3,7453080,48.193607,16.368052
"2008-01-01T00:00+00:00",640.3,13,6917040,48.193607,16.368052
"2009-01-01T00:00+00:00",815.9,12.7,6926400,48.193607,16.368052
"2010-01-01T00:00+00:00",767.1,11.5,6362640,48.193607,16.368052
"2011-01-01T00:00+00:00",492.3,12.7,7664040,48.193607,16.368052
"2012-01-01T00:00+00:00",560.4,12.9,7479360,48.193607,16.368052
"2013-01-01T00:00+00:00",668.9,12.3,6715080,48.193607,16.368052
"2014-01-01T00:00+00:00",717.6,13.5,6630120,48.193607,16.368052
"2015-01-01T00:00+00:00",481.1,13.6,7221960,48.193607,16.368052
"2016-01-01T00:00+00:00",679.7,13,7084440,48.193607,16.368052
"2017-01-01T00:00+00:00",558.5,13.1,7372080,48.193607,16.368052
"2018-01-01T00:00+00:00",652,13.9,7444800,48.193607,16.368052
"2019-01-01T00:00+00:00",603.3,13.9,7347600,48.193607,16.368052
"2020-01-01T00:00+00:00",666.5,13.3,6976080,48.193607,16.368052
"2021-01-01T00:00+00:00",536,12.6,7205760,48.193607,16.368052
"2022-01-01T00:00+00:00",435.1,13.7,7285680,48.193607,16.368052
"2023-01-01T00:00+00:00",733,14.1,6799680,48.193607,16.368052
"2024-01-01T00:00+00:00",765.9,14.7,7219800,48.193607,16.368052
"2025-01-01T00:00+00:00",301.9,14.2,5266440,48.193607,16.368052
"time","RR..kg.m.2.","TM..degree_Celsius.","SA..s.","lat","lon"
"1991-01-01T00:00+00:00",718.9,10.1,6279840,48.186356,16.300314
"1992-01-01T00:00+00:00",597.2,11.5,6955560,48.186356,16.300314
"1993-01-01T00:00+00:00",641.5,10.5,6766920,48.186356,16.300314
"1994-01-01T00:00+00:00",633,12,6951600,48.186356,16.300314
"1995-01-01T00:00+00:00",759.4,10.8,6317640,48.186356,16.300314
"1996-01-01T00:00+00:00",712,9.4,6139080,48.186356,16.300314
"1997-01-01T00:00+00:00",819.4,10.5,7017840,48.186356,16.300314
"1998-01-01T00:00+00:00",667.6,11.2,6691680,48.186356,16.300314
"1999-01-01T00:00+00:00",721.7,11.2,6625440,48.186356,16.300314
"2000-01-01T00:00+00:00",524.9,12.2,7227720,48.186356,16.300314
"2001-01-01T00:00+00:00",555.3,11.1,6520320,48.186356,16.300314
"2002-01-01T00:00+00:00",836.1,11.8,6787080,48.186356,16.300314
"2003-01-01T00:00+00:00",436.8,11.5,8053560,48.186356,16.300314
"2004-01-01T00:00+00:00",717.2,10.9,6652080,48.186356,16.300314
"2005-01-01T00:00+00:00",699.3,10.8,7231680,48.186356,16.300314
"2006-01-01T00:00+00:00",690.2,11.3,7510680,48.186356,16.300314
"2007-01-01T00:00+00:00",879,12.3,7520400,48.186356,16.300314
"2008-01-01T00:00+00:00",710.5,11.9,6966000,48.186356,16.300314
"2009-01-01T00:00+00:00",909.5,11.6,6969960,48.186356,16.300314
"2010-01-01T00:00+00:00",807.4,10.4,6393600,48.186356,16.300314
"2011-01-01T00:00+00:00",546,11.6,7696080,48.186356,16.300314
"2012-01-01T00:00+00:00",614.9,11.9,7559640,48.186356,16.300314
"2013-01-01T00:00+00:00",726.5,11.4,6783480,48.186356,16.300314
"2014-01-01T00:00+00:00",786.1,12.5,6642360,48.186356,16.300314
"2015-01-01T00:00+00:00",544.6,12.6,7246800,48.186356,16.300314
"2016-01-01T00:00+00:00",747.6,12,7132320,48.186356,16.300314
"2017-01-01T00:00+00:00",628.7,12,7442640,48.186356,16.300314
"2018-01-01T00:00+00:00",708.7,12.9,7524720,48.186356,16.300314
"2019-01-01T00:00+00:00",651.8,12.9,7397640,48.186356,16.300314
"2020-01-01T00:00+00:00",728,12.3,7017840,48.186356,16.300314
"2021-01-01T00:00+00:00",580.5,11.6,7230960,48.186356,16.300314
"2022-01-01T00:00+00:00",474.2,12.6,7346880,48.186356,16.300314
"2023-01-01T00:00+00:00",777.6,13,6830640,48.186356,16.300314
"2024-01-01T00:00+00:00",812.4,13.6,7221600,48.186356,16.300314
"2025-01-01T00:00+00:00",336.9,13.1,5267520,48.186356,16.300314
"time","RR..kg.m.2.","TM..degree_Celsius.","SA..s.","lat","lon"
"1991-01-01T00:00+00:00",594.7,10.8,6255720,48.220222,16.383078
"1992-01-01T00:00+00:00",533.6,12.2,6975360,48.220222,16.383078
"1993-01-01T00:00+00:00",569.3,11.2,6747840,48.220222,16.383078
"1994-01-01T00:00+00:00",547.6,12.7,7047720,48.220222,16.383078
"1995-01-01T00:00+00:00",688.6,11.5,6369480,48.220222,16.383078
"1996-01-01T00:00+00:00",645.4,10.1,6170760,48.220222,16.383078
"1997-01-01T00:00+00:00",680.1,11.2,7075080,48.220222,16.383078
"1998-01-01T00:00+00:00",603.6,11.9,6744960,48.220222,16.383078
"1999-01-01T00:00+00:00",632.8,11.9,6670800,48.220222,16.383078
"2000-01-01T00:00+00:00",486,12.9,7304760,48.220222,16.383078
"2001-01-01T00:00+00:00",487.9,11.8,6537600,48.220222,16.383078
"2002-01-01T00:00+00:00",737.1,12.5,6858000,48.220222,16.383078
"2003-01-01T00:00+00:00",402.1,12.2,7979760,48.220222,16.383078
"2004-01-01T00:00+00:00",596.7,11.6,6697800,48.220222,16.383078
"2005-01-01T00:00+00:00",561.7,11.5,7253280,48.220222,16.383078
"2006-01-01T00:00+00:00",612.7,12,7547400,48.220222,16.383078
"2007-01-01T00:00+00:00",772.6,13,7530120,48.220222,16.383078
"2008-01-01T00:00+00:00",615.8,12.7,7005600,48.220222,16.383078
"2009-01-01T00:00+00:00",788.5,12.3,6982200,48.220222,16.383078
"2010-01-01T00:00+00:00",751.9,11.1,6436080,48.220222,16.383078
"2011-01-01T00:00+00:00",471.1,12.3,7705800,48.220222,16.383078
"2012-01-01T00:00+00:00",544.4,12.6,7575120,48.220222,16.383078
"2013-01-01T00:00+00:00",651.5,12,6777720,48.220222,16.383078
"2014-01-01T00:00+00:00",695.2,13.2,6747120,48.220222,16.383078
"2015-01-01T00:00+00:00",464.2,13.2,7236720,48.220222,16.383078
"2016-01-01T00:00+00:00",662.4,12.7,7158960,48.220222,16.383078
"2017-01-01T00:00+00:00",537,12.8,7444440,48.220222,16.383078
"2018-01-01T00:00+00:00",635.5,13.6,7509960,48.220222,16.383078
"2019-01-01T00:00+00:00",591.9,13.6,7434360,48.220222,16.383078
"2020-01-01T00:00+00:00",641.8,13,7059600,48.220222,16.383078
"2021-01-01T00:00+00:00",524.4,12.3,7267680,48.220222,16.383078
"2022-01-01T00:00+00:00",421.9,13.4,7378920,48.220222,16.383078
"2023-01-01T00:00+00:00",725.4,13.8,6883920,48.220222,16.383078
"2024-01-01T00:00+00:00",740.9,14.3,7315200,48.220222,16.383078
"2025-01-01T00:00+00:00",286.4,13.8,5325480,48.220222,16.383078
"time","RR..kg.m.2.","TM..degree_Celsius.","SA..s.","lat","lon"
"1991-01-01T00:00+00:00",748.9,9.8,6289560,48.195686,16.287384
"1992-01-01T00:00+00:00",622.4,11.2,6930720,48.195686,16.287384
"1993-01-01T00:00+00:00",669.5,10.2,6784920,48.195686,16.287384
"1994-01-01T00:00+00:00",663.1,11.7,6967440,48.195686,16.287384
"1995-01-01T00:00+00:00",790.5,10.5,6319800,48.195686,16.287384
"1996-01-01T00:00+00:00",738,9.1,6136560,48.195686,16.287384
"1997-01-01T00:00+00:00",860.5,10.2,7028280,48.195686,16.287384
"1998-01-01T00:00+00:00",695.5,10.9,6698520,48.195686,16.287384
"1999-01-01T00:00+00:00",751.5,10.9,6629400,48.195686,16.287384
"2000-01-01T00:00+00:00",543.3,11.9,7198560,48.195686,16.287384
"2001-01-01T00:00+00:00",577.4,10.8,6523560,48.195686,16.287384
"2002-01-01T00:00+00:00",870.4,11.5,6784560,48.195686,16.287384
"2003-01-01T00:00+00:00",452.9,11.1,8061480,48.195686,16.287384
"2004-01-01T00:00+00:00",753,10.6,6667920,48.195686,16.287384
"2005-01-01T00:00+00:00",732.2,10.4,7243200,48.195686,16.287384
"2006-01-01T00:00+00:00",718.5,11,7552080,48.195686,16.287384
"2007-01-01T00:00+00:00",915.1,12,7537680,48.195686,16.287384
"2008-01-01T00:00+00:00",740.5,11.6,6961680,48.195686,16.287384
"2009-01-01T00:00+00:00",951.3,11.2,6981120,48.195686,16.287384
"2010-01-01T00:00+00:00",835.7,10.1,6401520,48.195686,16.287384
"2011-01-01T00:00+00:00",568.3,11.2,7718040,48.195686,16.287384
"2012-01-01T00:00+00:00",640.5,11.5,7561440,48.195686,16.287384
"2013-01-01T00:00+00:00",756.6,11.1,6811560,48.195686,16.287384
"2014-01-01T00:00+00:00",816.1,12.2,6650280,48.195686,16.287384
"2015-01-01T00:00+00:00",568.1,12.2,7280280,48.195686,16.287384
"2016-01-01T00:00+00:00",778,11.6,7130160,48.195686,16.287384
"2017-01-01T00:00+00:00",655.8,11.7,7469640,48.195686,16.287384
"2018-01-01T00:00+00:00",737.3,12.6,7547400,48.195686,16.287384
"2019-01-01T00:00+00:00",679,12.5,7409520,48.195686,16.287384
"2020-01-01T00:00+00:00",756,11.9,7021800,48.195686,16.287384
"2021-01-01T00:00+00:00",604.7,11.3,7220880,48.195686,16.287384
"2022-01-01T00:00+00:00",492.5,12.3,7370640,48.195686,16.287384
"2023-01-01T00:00+00:00",807.7,12.7,6827760,48.195686,16.287384
"2024-01-01T00:00+00:00",841.7,13.3,7230600,48.195686,16.287384
"2025-01-01T00:00+00:00",349.9,12.7,5252040,48.195686,16.287384
"time","RR..kg.m.2.","TM..degree_Celsius.","SA..s.","lat","lon"
"1991-01-01T00:00+00:00",727.3,9.7,6266160,48.204334,16.301342
"1992-01-01T00:00+00:00",613.1,11.1,6919920,48.204334,16.301342
"1993-01-01T00:00+00:00",660.6,10.1,6769800,48.204334,16.301342
"1994-01-01T00:00+00:00",650,11.6,6963120,48.204334,16.301342
"1995-01-01T00:00+00:00",782.1,10.4,6309360,48.204334,16.301342
"1996-01-01T00:00+00:00",728.8,9,6138360,48.204334,16.301342
"1997-01-01T00:00+00:00",840.9,10.2,7012440,48.204334,16.301342
"1998-01-01T00:00+00:00",690.6,10.9,6701400,48.204334,16.301342
"1999-01-01T00:00+00:00",739.3,10.9,6627240,48.204334,16.301342
"2000-01-01T00:00+00:00",537.7,11.8,7212600,48.204334,16.301342
"2001-01-01T00:00+00:00",568.4,10.8,6519960,48.204334,16.301342
"2002-01-01T00:00+00:00",855.5,11.4,6784200,48.204334,16.301342
"2003-01-01T00:00+00:00",447.6,11.1,8021160,48.204334,16.301342
"2004-01-01T00:00+00:00",733.7,10.5,6652800,48.204334,16.301342
"2005-01-01T00:00+00:00",706.9,10.3,7232760,48.204334,16.301342
"2006-01-01T00:00+00:00",709.2,10.9,7538040,48.204334,16.301342
"2007-01-01T00:00+00:00",899.7,11.9,7529760,48.204334,16.301342
"2008-01-01T00:00+00:00",724.7,11.5,6963480,48.204334,16.301342
"2009-01-01T00:00+00:00",937.7,11.2,6961320,48.204334,16.301342
"2010-01-01T00:00+00:00",831.4,10,6400800,48.204334,16.301342
"2011-01-01T00:00+00:00",556.9,11.2,7706520,48.204334,16.301342
"2012-01-01T00:00+00:00",631.8,11.4,7567560,48.204334,16.301342
"2013-01-01T00:00+00:00",747.2,11,6804720,48.204334,16.301342
"2014-01-01T00:00+00:00",802.6,12.1,6631560,48.204334,16.301342
"2015-01-01T00:00+00:00",553.9,12.2,7258320,48.204334,16.301342
"2016-01-01T00:00+00:00",765.5,11.6,7133040,48.204334,16.301342
"2017-01-01T00:00+00:00",640.1,11.6,7459200,48.204334,16.301342
"2018-01-01T00:00+00:00",729.5,12.5,7522920,48.204334,16.301342
"2019-01-01T00:00+00:00",673.1,12.4,7412040,48.204334,16.301342
"2020-01-01T00:00+00:00",743.1,11.9,7001280,48.204334,16.301342
"2021-01-01T00:00+00:00",596.3,11.2,7219800,48.204334,16.301342
"2022-01-01T00:00+00:00",484.6,12.3,7347240,48.204334,16.301342
"2023-01-01T00:00+00:00",799.9,12.7,6824520,48.204334,16.301342
"2024-01-01T00:00+00:00",835.7,13.2,7254360,48.204334,16.301342
"2025-01-01T00:00+00:00",341.8,12.7,5246640,48.204334,16.301342
"time","RR..kg.m.2.","TM..degree_Celsius.","SA..s.","lat","lon"
"1991-01-01T00:00+00:00",706.6,10.3,6249960,48.21298,16.315306
"1992-01-01T00:00+00:00",607.8,11.7,6904080,48.21298,16.315306
"1993-01-01T00:00+00:00",651.7,10.7,6759000,48.21298,16.315306
"1994-01-01T00:00+00:00",639.8,12.2,6957720,48.21298,16.315306
"1995-01-01T00:00+00:00",776.5,11,6318000,48.21298,16.315306
"1996-01-01T00:00+00:00",723.3,9.6,6135840,48.21298,16.315306
"1997-01-01T00:00+00:00",823.4,10.7,7007040,48.21298,16.315306
"1998-01-01T00:00+00:00",688.2,11.4,6699240,48.21298,16.315306
"1999-01-01T00:00+00:00",727.9,11.4,6620400,48.21298,16.315306
"2000-01-01T00:00+00:00",535.8,12.3,7200000,48.21298,16.315306
"2001-01-01T00:00+00:00",560.3,11.3,6519240,48.21298,16.315306
"2002-01-01T00:00+00:00",841.8,12,6778440,48.21298,16.315306
"2003-01-01T00:00+00:00",446.2,11.6,7995600,48.21298,16.315306
"2004-01-01T00:00+00:00",716.5,11.1,6637680,48.21298,16.315306
"2005-01-01T00:00+00:00",682.2,10.9,7222320,48.21298,16.315306
"2006-01-01T00:00+00:00",700.2,11.5,7532280,48.21298,16.315306
"2007-01-01T00:00+00:00",887.8,12.4,7519320,48.21298,16.315306
"2008-01-01T00:00+00:00",711.8,12.1,6953400,48.21298,16.315306
"2009-01-01T00:00+00:00",924.7,11.8,6945480,48.21298,16.315306
"2010-01-01T00:00+00:00",828.6,10.6,6394680,48.21298,16.315306
"2011-01-01T00:00+00:00",547.3,11.8,7688520,48.21298,16.315306
"2012-01-01T00:00+00:00",624.8,12,7557480,48.21298,16.315306
"2013-01-01T00:00+00:00",739.7,11.5,6796800,48.21298,16.315306
"2014-01-01T00:00+00:00",790,12.7,6630840,48.21298,16.315306
"2015-01-01T00:00+00:00",543.2,12.7,7249680,48.21298,16.315306
"2016-01-01T00:00+00:00",755.3,12.1,7113600,48.21298,16.315306
"2017-01-01T00:00+00:00",628,12.2,7436520,48.21298,16.315306
"2018-01-01T00:00+00:00",723.4,13.1,7509960,48.21298,16.315306
"2019-01-01T00:00+00:00",669.2,13,7391160,48.21298,16.315306
"2020-01-01T00:00+00:00",732.1,12.4,6974280,48.21298,16.315306
"2021-01-01T00:00+00:00",592.4,11.8,7207920,48.21298,16.315306
"2022-01-01T00:00+00:00",479.3,12.8,7330680,48.21298,16.315306
"2023-01-01T00:00+00:00",796.1,13.2,6819840,48.21298,16.315306
"2024-01-01T00:00+00:00",830.7,13.8,7239240,48.21298,16.315306
"2025-01-01T00:00+00:00",334.7,13.3,5249160,48.21298,16.315306
"time","RR..kg.m.2.","TM..degree_Celsius.","SA..s.","lat","lon"
"1991-01-01T00:00+00:00",562.9,9.8,6239520,48.18103,16.501934
"1992-01-01T00:00+00:00",473.1,11.2,6998400,48.18103,16.501934
"1993-01-01T00:00+00:00",519.2,10.1,6754680,48.18103,16.501934
"1994-01-01T00:00+00:00",480.9,11.8,7005960,48.18103,16.501934
"1995-01-01T00:00+00:00",658.1,10.5,6344280,48.18103,16.501934
"1996-01-01T00:00+00:00",628.9,9.2,6187320,48.18103,16.501934
"1997-01-01T00:00+00:00",618.7,10.2,7143120,48.18103,16.501934
"1998-01-01T00:00+00:00",519.5,11,6658560,48.18103,16.501934
"1999-01-01T00:00+00:00",614.1,11,6622920,48.18103,16.501934
"2000-01-01T00:00+00:00",500.2,12,7367760,48.18103,16.501934
"2001-01-01T00:00+00:00",481.2,10.8,6535800,48.18103,16.501934
"2002-01-01T00:00+00:00",740.1,11.6,6906600,48.18103,16.501934
"2003-01-01T00:00+00:00",407.6,11.2,8137440,48.18103,16.501934
"2004-01-01T00:00+00:00",554.7,10.7,6723000,48.18103,16.501934
"2005-01-01T00:00+00:00",556.4,10.5,7254000,48.18103,16.501934
"2006-01-01T00:00+00:00",548.9,11.1,7473960,48.18103,16.501934
"2007-01-01T00:00+00:00",773.6,12,7571880,48.18103,16.501934
"2008-01-01T00:00+00:00",617.1,11.7,7052400,48.18103,16.501934
"2009-01-01T00:00+00:00",625.4,11.4,7039440,48.18103,16.501934
"2010-01-01T00:00+00:00",712.9,10.2,6477840,48.18103,16.501934
"2011-01-01T00:00+00:00",428.7,11.3,7760160,48.18103,16.501934
"2012-01-01T00:00+00:00",495.9,11.6,7576200,48.18103,16.501934
"2013-01-01T00:00+00:00",568.7,11.2,6806880,48.18103,16.501934
"2014-01-01T00:00+00:00",764.4,12.2,6793200,48.18103,16.501934
"2015-01-01T00:00+00:00",454.6,12.2,7243560,48.18103,16.501934
"2016-01-01T00:00+00:00",649.2,11.7,7213320,48.18103,16.501934
"2017-01-01T00:00+00:00",543.9,11.8,7493400,48.18103,16.501934
"2018-01-01T00:00+00:00",611,12.6,7651080,48.18103,16.501934
"2019-01-01T00:00+00:00",509.8,12.6,7470360,48.18103,16.501934
"2020-01-01T00:00+00:00",645.8,12,7187760,48.18103,16.501934
"2021-01-01T00:00+00:00",523.4,11.3,7345080,48.18103,16.501934
"2022-01-01T00:00+00:00",402.6,12.3,7415280,48.18103,16.501934
"2023-01-01T00:00+00:00",698,12.7,6882840,48.18103,16.501934
"2024-01-01T00:00+00:00",692.5,13.3,7370640,48.18103,16.501934
"2025-01-01T00:00+00:00",297.8,12.8,5392440,48.18103,16.501934
"time","RR..kg.m.2.","TM..degree_Celsius.","SA..s.","lat","lon"
"1991-01-01T00:00+00:00",702.5,10.3,6298560,48.195,16.314274
"1992-01-01T00:00+00:00",593.8,11.7,6945840,48.195,16.314274
"1993-01-01T00:00+00:00",639.7,10.7,6771240,48.195,16.314274
"1994-01-01T00:00+00:00",626.9,12.2,6980040,48.195,16.314274
"1995-01-01T00:00+00:00",758.6,11,6320160,48.195,16.314274
"1996-01-01T00:00+00:00",710.1,9.6,6143040,48.195,16.314274
"1997-01-01T00:00+00:00",808.9,10.7,7017840,48.195,16.314274
"1998-01-01T00:00+00:00",669.8,11.4,6708600,48.195,16.314274
"1999-01-01T00:00+00:00",715.8,11.4,6637320,48.195,16.314274
"2000-01-01T00:00+00:00",525.1,12.4,7232760,48.195,16.314274
"2001-01-01T00:00+00:00",551.5,11.3,6531840,48.195,16.314274
"2002-01-01T00:00+00:00",829.8,12,6791040,48.195,16.314274
"2003-01-01T00:00+00:00",436.8,11.7,8052840,48.195,16.314274
"2004-01-01T00:00+00:00",705.7,11.1,6649200,48.195,16.314274
"2005-01-01T00:00+00:00",682.1,11,7237440,48.195,16.314274
"2006-01-01T00:00+00:00",687.5,11.5,7534440,48.195,16.314274
"2007-01-01T00:00+00:00",872.5,12.5,7524360,48.195,16.314274
"2008-01-01T00:00+00:00",703.1,12.1,6961320,48.195,16.314274
"2009-01-01T00:00+00:00",905.8,11.8,6966000,48.195,16.314274
"2010-01-01T00:00+00:00",810.4,10.6,6400080,48.195,16.314274
"2011-01-01T00:00+00:00",539.4,11.8,7694640,48.195,16.314274
"2012-01-01T00:00+00:00",613.1,12.1,7573320,48.195,16.314274
"2013-01-01T00:00+00:00",726.2,11.5,6795360,48.195,16.314274
"2014-01-01T00:00+00:00",779.2,12.7,6641280,48.195,16.314274
"2015-01-01T00:00+00:00",535.5,12.8,7258320,48.195,16.314274
"2016-01-01T00:00+00:00",743.1,12.2,7134120,48.195,16.314274
"2017-01-01T00:00+00:00",619.6,12.2,7453080,48.195,16.314274
"2018-01-01T00:00+00:00",708,13.1,7522920,48.195,16.314274
"2019-01-01T00:00+00:00",652,13,7402320,48.195,16.314274
"2020-01-01T00:00+00:00",722,12.5,7005240,48.195,16.314274
"2021-01-01T00:00+00:00",579.8,11.8,7237080,48.195,16.314274
"2022-01-01T00:00+00:00",470.8,12.9,7357320,48.195,16.314274
"2023-01-01T00:00+00:00",778.8,13.3,6839280,48.195,16.314274
"2024-01-01T00:00+00:00",813.9,13.8,7249680,48.195,16.314274
"2025-01-01T00:00+00:00",332.3,13.3,5256000,48.195,16.314274
"time","RR..kg.m.2.","TM..degree_Celsius.","SA..s.","lat","lon"
"1991-01-01T00:00+00:00",524.5,9.8,6279120,48.43379,16.476847
"1992-01-01T00:00+00:00",463.9,11.2,6906960,48.43379,16.476847
"1993-01-01T00:00+00:00",508.5,10.1,6757920,48.43379,16.476847
"1994-01-01T00:00+00:00",487.8,11.7,6917040,48.43379,16.476847
"1995-01-01T00:00+00:00",673.4,10.5,6315840,48.43379,16.476847
"1996-01-01T00:00+00:00",634.2,9.2,6252840,48.43379,16.476847
"1997-01-01T00:00+00:00",632.3,10.2,7005960,48.43379,16.476847
"1998-01-01T00:00+00:00",562.7,11,6647400,48.43379,16.476847
"1999-01-01T00:00+00:00",536.6,11,6599520,48.43379,16.476847
"2000-01-01T00:00+00:00",474.3,11.9,7174800,48.43379,16.476847
"2001-01-01T00:00+00:00",500.8,10.8,6408000,48.43379,16.476847
"2002-01-01T00:00+00:00",713.9,11.5,6846120,48.43379,16.476847
"2003-01-01T00:00+00:00",379.3,11.2,8173800,48.43379,16.476847
"2004-01-01T00:00+00:00",535.3,10.6,6728760,48.43379,16.476847
"2005-01-01T00:00+00:00",589.1,10.5,7325640,48.43379,16.476847
"2006-01-01T00:00+00:00",630.4,11,7458120,48.43379,16.476847
"2007-01-01T00:00+00:00",687.8,12,7531920,48.43379,16.476847
"2008-01-01T00:00+00:00",570.6,11.7,6959880,48.43379,16.476847
"2009-01-01T00:00+00:00",674.6,11.4,7000560,48.43379,16.476847
"2010-01-01T00:00+00:00",769.5,10.1,6436080,48.43379,16.476847
"2011-01-01T00:00+00:00",442,11.3,7783200,48.43379,16.476847
"2012-01-01T00:00+00:00",467.1,11.6,7619400,48.43379,16.476847
"2013-01-01T00:00+00:00",620.9,11.1,6638040,48.43379,16.476847
"2014-01-01T00:00+00:00",674,12.2,6631200,48.43379,16.476847
"2015-01-01T00:00+00:00",458.9,12.2,7264440,48.43379,16.476847
"2016-01-01T00:00+00:00",680.7,11.7,7214040,48.43379,16.476847
"2017-01-01T00:00+00:00",535.9,11.8,7480800,48.43379,16.476847
"2018-01-01T00:00+00:00",540.9,12.6,7651800,48.43379,16.476847
"2019-01-01T00:00+00:00",638.5,12.6,7483320,48.43379,16.476847
"2020-01-01T00:00+00:00",626.9,12,7164720,48.43379,16.476847
"2021-01-01T00:00+00:00",498.3,11.3,7188120,48.43379,16.476847
"2022-01-01T00:00+00:00",444,12.4,7352640,48.43379,16.476847
"2023-01-01T00:00+00:00",614.1,12.8,6852960,48.43379,16.476847
"2024-01-01T00:00+00:00",732.1,13.3,7302240,48.43379,16.476847
"2025-01-01T00:00+00:00",323.8,12.8,5484960,48.43379,16.476847
"time","RR..kg.m.2.","TM..degree_Celsius.","SA..s.","lat","lon"
"1991-01-01T00:00+00:00",718.9,10.1,6279840,48.186356,16.300314
"1992-01-01T00:00+00:00",597.2,11.5,6955560,48.186356,16.300314
"1993-01-01T00:00+00:00",641.5,10.5,6766920,48.186356,16.300314
"1994-01-01T00:00+00:00",633,12,6951600,48.186356,16.300314
"1995-01-01T00:00+00:00",759.4,10.8,6317640,48.186356,16.300314
"1996-01-01T00:00+00:00",712,9.4,6139080,48.186356,16.300314
"1997-01-01T00:00+00:00",819.4,10.5,7017840,48.186356,16.300314
"1998-01-01T00:00+00:00",667.6,11.2,6691680,48.186356,16.300314
"1999-01-01T00:00+00:00",721.7,11.2,6625440,48.186356,16.300314
"2000-01-01T00:00+00:00",524.9,12.2,7227720,48.186356,16.300314
"2001-01-01T00:00+00:00",555.3,11.1,6520320,48.186356,16.300314
"2002-01-01T00:00+00:00",836.1,11.8,6787080,48.186356,16.300314
"2003-01-01T00:00+00:00",436.8,11.5,8053560,48.186356,16.300314
"2004-01-01T00:00+00:00",717.2,10.9,6652080,48.186356,16.300314
"2005-01-01T00:00+00:00",699.3,10.8,7231680,48.186356,16.300314
"2006-01-01T00:00+00:00",690.2,11.3,7510680,48.186356,16.300314
"2007-01-01T00:00+00:00",879,12.3,7520400,48.186356,16.300314
"2008-01-01T00:00+00:00",710.5,11.9,6966000,48.186356,16.300314
"2009-01-01T00:00+00:00",909.5,11.6,6969960,48.186356,16.300314
"2010-01-01T00:00+00:00",807.4,10.4,6393600,48.186356,16.300314
"2011-01-01T00:00+00:00",546,11.6,7696080,48.186356,16.300314
"2012-01-01T00:00+00:00",614.9,11.9,7559640,48.186356,16.300314
"2013-01-01T00:00+00:00",726.5,11.4,6783480,48.186356,16.300314
"2014-01-01T00:00+00:00",786.1,12.5,6642360,48.186356,16.300314
"2015-01-01T00:00+00:00",544.6,12.6,7246800,48.186356,16.300314
"2016-01-01T00:00+00:00",747.6,12,7132320,48.186356,16.300314
"2017-01-01T00:00+00:00",628.7,12,7442640,48.186356,16.300314
"2018-01-01T00:00+00:00",708.7,12.9,7524720,48.186356,16.300314
"2019-01-01T00:00+00:00",651.8,12.9,7397640,48.186356,16.300314
"2020-01-01T00:00+00:00",728,12.3,7017840,48.186356,16.300314
"2021-01-01T00:00+00:00",580.5,11.6,7230960,48.186356,16.300314
"2022-01-01T00:00+00:00",474.2,12.6,7346880,48.186356,16.300314
"2023-01-01T00:00+00:00",777.6,13,6830640,48.186356,16.300314
"2024-01-01T00:00+00:00",812.4,13.6,7221600,48.186356,16.300314
"2025-01-01T00:00+00:00",336.9,13.1,5267520,48.186356,16.300314
"time","RR..kg.m.2.","TM..degree_Celsius.","SA..s.","lat","lon"
"1991-01-01T00:00+00:00",605.8,10.3,6313680,48.265167,16.385721
"1992-01-01T00:00+00:00",555.6,11.7,6972840,48.265167,16.385721
"1993-01-01T00:00+00:00",594,10.6,6854400,48.265167,16.385721
"1994-01-01T00:00+00:00",570.4,12.2,7071120,48.265167,16.385721
"1995-01-01T00:00+00:00",720.6,11,6388200,48.265167,16.385721
"1996-01-01T00:00+00:00",675.1,9.6,6236280,48.265167,16.385721
"1997-01-01T00:00+00:00",706.8,10.7,7110360,48.265167,16.385721
"1998-01-01T00:00+00:00",634.8,11.4,6782760,48.265167,16.385721
"1999-01-01T00:00+00:00",652.1,11.4,6738840,48.265167,16.385721
"2000-01-01T00:00+00:00",510.3,12.4,7349400,48.265167,16.385721
"2001-01-01T00:00+00:00",512.8,11.3,6558120,48.265167,16.385721
"2002-01-01T00:00+00:00",767.8,12,6920640,48.265167,16.385721
"2003-01-01T00:00+00:00",418.8,11.7,8051760,48.265167,16.385721
"2004-01-01T00:00+00:00",618.4,11.1,6742800,48.265167,16.385721
"2005-01-01T00:00+00:00",579.3,11,7301520,48.265167,16.385721
"2006-01-01T00:00+00:00",642.2,11.5,7589160,48.265167,16.385721
"2007-01-01T00:00+00:00",801.5,12.5,7634520,48.265167,16.385721
"2008-01-01T00:00+00:00",632.7,12.1,7068600,48.265167,16.385721
"2009-01-01T00:00+00:00",819.2,11.8,7043400,48.265167,16.385721
"2010-01-01T00:00+00:00",788,10.6,6489360,48.265167,16.385721
"2011-01-01T00:00+00:00",489.9,11.8,7782120,48.265167,16.385721
"2012-01-01T00:00+00:00",564.4,12.1,7630200,48.265167,16.385721
"2013-01-01T00:00+00:00",678,11.6,6879240,48.265167,16.385721
"2014-01-01T00:00+00:00",720.8,12.7,6834240,48.265167,16.385721
"2015-01-01T00:00+00:00",482.7,12.8,7283880,48.265167,16.385721
"2016-01-01T00:00+00:00",689.9,12.2,7232040,48.265167,16.385721
"2017-01-01T00:00+00:00",557.1,12.3,7510680,48.265167,16.385721
"2018-01-01T00:00+00:00",660.3,13.1,7625160,48.265167,16.385721
"2019-01-01T00:00+00:00",625.9,13.1,7498800,48.265167,16.385721
"2020-01-01T00:00+00:00",669.9,12.5,7084080,48.265167,16.385721
"2021-01-01T00:00+00:00",546.2,11.8,7297200,48.265167,16.385721
"2022-01-01T00:00+00:00",440.5,12.9,7425000,48.265167,16.385721
"2023-01-01T00:00+00:00",757.8,13.2,6944040,48.265167,16.385721
"2024-01-01T00:00+00:00",777.6,13.8,7359840,48.265167,16.385721
"2025-01-01T00:00+00:00",296.7,13.3,5383080,48.265167,16.385721
"time","RR..kg.m.2.","TM..degree_Celsius.","SA..s.","lat","lon"
"1991-01-01T00:00+00:00",748.9,9.8,6289560,48.195686,16.287384
"1992-01-01T00:00+00:00",622.4,11.2,6930720,48.195686,16.287384
"1993-01-01T00:00+00:00",669.5,10.2,6784920,48.195686,16.287384
"1994-01-01T00:00+00:00",663.1,11.7,6967440,48.195686,16.287384
"1995-01-01T00:00+00:00",790.5,10.5,6319800,48.195686,16.287384
"1996-01-01T00:00+00:00",738,9.1,6136560,48.195686,16.287384
"1997-01-01T00:00+00:00",860.5,10.2,7028280,48.195686,16.287384
"1998-01-01T00:00+00:00",695.5,10.9,6698520,48.195686,16.287384
"1999-01-01T00:00+00:00",751.5,10.9,6629400,48.195686,16.287384
"2000-01-01T00:00+00:00",543.3,11.9,7198560,48.195686,16.287384
"2001-01-01T00:00+00:00",577.4,10.8,6523560,48.195686,16.287384
"2002-01-01T00:00+00:00",870.4,11.5,6784560,48.195686,16.287384
"2003-01-01T00:00+00:00",452.9,11.1,8061480,48.195686,16.287384
"2004-01-01T00:00+00:00",753,10.6,6667920,48.195686,16.287384
"2005-01-01T00:00+00:00",732.2,10.4,7243200,48.195686,16.287384
"2006-01-01T00:00+00:00",718.5,11,7552080,48.195686,16.287384
"2007-01-01T00:00+00:00",915.1,12,7537680,48.195686,16.287384
"2008-01-01T00:00+00:00",740.5,11.6,6961680,48.195686,16.287384
"2009-01-01T00:00+00:00",951.3,11.2,6981120,48.195686,16.287384
"2010-01-01T00:00+00:00",835.7,10.1,6401520,48.195686,16.287384
"2011-01-01T00:00+00:00",568.3,11.2,7718040,48.195686,16.287384
"2012-01-01T00:00+00:00",640.5,11.5,7561440,48.195686,16.287384
"2013-01-01T00:00+00:00",756.6,11.1,6811560,48.195686,16.287384
"2014-01-01T00:00+00:00",816.1,12.2,6650280,48.195686,16.287384
"2015-01-01T00:00+00:00",568.1,12.2,7280280,48.195686,16.287384
"2016-01-01T00:00+00:00",778,11.6,7130160,48.195686,16.287384
"2017-01-01T00:00+00:00",655.8,11.7,7469640,48.195686,16.287384
"2018-01-01T00:00+00:00",737.3,12.6,7547400,48.195686,16.287384
"2019-01-01T00:00+00:00",679,12.5,7409520,48.195686,16.287384
"2020-01-01T00:00+00:00",756,11.9,7021800,48.195686,16.287384
"2021-01-01T00:00+00:00",604.7,11.3,7220880,48.195686,16.287384
"2022-01-01T00:00+00:00",492.5,12.3,7370640,48.195686,16.287384
"2023-01-01T00:00+00:00",807.7,12.7,6827760,48.195686,16.287384
"2024-01-01T00:00+00:00",841.7,13.3,7230600,48.195686,16.287384
"2025-01-01T00:00+00:00",349.9,12.7,5252040,48.195686,16.287384
"time","RR..kg.m.2.","TM..degree_Celsius.","SA..s.","lat","lon"
"1991-01-01T00:00+00:00",584.7,10.1,6343560,48.30041,16.414783
"1992-01-01T00:00+00:00",540.3,11.4,6920640,48.30041,16.414783
"1993-01-01T00:00+00:00",579.8,10.4,6877080,48.30041,16.414783
"1994-01-01T00:00+00:00",552.8,12,7086600,48.30041,16.414783
"1995-01-01T00:00+00:00",707.5,10.7,6410520,48.30041,16.414783
"1996-01-01T00:00+00:00",668.3,9.4,6380280,48.30041,16.414783
"1997-01-01T00:00+00:00",688.3,10.4,7126920,48.30041,16.414783
"1998-01-01T00:00+00:00",625,11.2,6837840,48.30041,16.414783
"1999-01-01T00:00+00:00",634.6,11.2,6735600,48.30041,16.414783
"2000-01-01T00:00+00:00",504.9,12.2,7419240,48.30041,16.414783
"2001-01-01T00:00+00:00",512.3,11,6585120,48.30041,16.414783
"2002-01-01T00:00+00:00",757.8,11.8,7019280,48.30041,16.414783
"2003-01-01T00:00+00:00",413,11.4,8172360,48.30041,16.414783
"2004-01-01T00:00+00:00",601.2,10.9,6809760,48.30041,16.414783
"2005-01-01T00:00+00:00",567.1,10.7,7417440,48.30041,16.414783
"2006-01-01T00:00+00:00",627.2,11.3,7603560,48.30041,16.414783
"2007-01-01T00:00+00:00",785.8,12.2,7742520,48.30041,16.414783
"2008-01-01T00:00+00:00",619.4,11.9,7180200,48.30041,16.414783
"2009-01-01T00:00+00:00",785.5,11.6,7138800,48.30041,16.414783
"2010-01-01T00:00+00:00",776.7,10.4,6579000,48.30041,16.414783
"2011-01-01T00:00+00:00",482.3,11.5,7882920,48.30041,16.414783
"2012-01-01T00:00+00:00",548.3,11.8,7739640,48.30041,16.414783
"2013-01-01T00:00+00:00",661.6,11.3,6896520,48.30041,16.414783
"2014-01-01T00:00+00:00",717.4,12.4,6856920,48.30041,16.414783
"2015-01-01T00:00+00:00",474.5,12.5,7414560,48.30041,16.414783
"2016-01-01T00:00+00:00",675,11.9,7404840,48.30041,16.414783
"2017-01-01T00:00+00:00",549.2,12,7652160,48.30041,16.414783
"2018-01-01T00:00+00:00",643.3,12.9,7770240,48.30041,16.414783
"2019-01-01T00:00+00:00",613.5,12.8,7633800,48.30041,16.414783
"2020-01-01T00:00+00:00",664.6,12.2,7196400,48.30041,16.414783
"2021-01-01T00:00+00:00",537.6,11.5,7417800,48.30041,16.414783
"2022-01-01T00:00+00:00",436.2,12.6,7488360,48.30041,16.414783
"2023-01-01T00:00+00:00",741.1,13,7017840,48.30041,16.414783
"2024-01-01T00:00+00:00",768.2,13.6,7433280,48.30041,16.414783
"2025-01-01T00:00+00:00",294.6,13,5508000,48.30041,16.414783
"time","RR..kg.m.2.","TM..degree_Celsius.","SA..s.","lat","lon"
"1991-01-01T00:00+00:00",624.4,10.4,6266520,48.24754,16.371206
"1992-01-01T00:00+00:00",569.7,11.8,6971040,48.24754,16.371206
"1993-01-01T00:00+00:00",605.1,10.7,6824160,48.24754,16.371206
"1994-01-01T00:00+00:00",582.6,12.3,7056360,48.24754,16.371206
"1995-01-01T00:00+00:00",733.9,11,6424560,48.24754,16.371206
"1996-01-01T00:00+00:00",684.9,9.7,6195960,48.24754,16.371206
"1997-01-01T00:00+00:00",722.4,10.7,7099920,48.24754,16.371206
"1998-01-01T00:00+00:00",642.9,11.5,6806880,48.24754,16.371206
"1999-01-01T00:00+00:00",669.1,11.5,6723000,48.24754,16.371206
"2000-01-01T00:00+00:00",518.3,12.4,7331760,48.24754,16.371206
"2001-01-01T00:00+00:00",519,11.3,6591240,48.24754,16.371206
"2002-01-01T00:00+00:00",779.7,12.1,6887880,48.24754,16.371206
"2003-01-01T00:00+00:00",425.9,11.7,7989480,48.24754,16.371206
"2004-01-01T00:00+00:00",633.4,11.2,6701760,48.24754,16.371206
"2005-01-01T00:00+00:00",592.4,11,7273800,48.24754,16.371206
"2006-01-01T00:00+00:00",652.4,11.5,7616880,48.24754,16.371206
"2007-01-01T00:00+00:00",817.7,12.5,7577640,48.24754,16.371206
"2008-01-01T00:00+00:00",646.8,12.2,7028640,48.24754,16.371206
"2009-01-01T00:00+00:00",837.4,11.9,6986160,48.24754,16.371206
"2010-01-01T00:00+00:00",798.3,10.7,6453720,48.24754,16.371206
"2011-01-01T00:00+00:00",497.4,11.8,7746840,48.24754,16.371206
"2012-01-01T00:00+00:00",575.8,12.2,7598880,48.24754,16.371206
"2013-01-01T00:00+00:00",690.5,11.6,6818760,48.24754,16.371206
"2014-01-01T00:00+00:00",732.4,12.8,6787440,48.24754,16.371206
"2015-01-01T00:00+00:00",492.3,12.8,7264440,48.24754,16.371206
"2016-01-01T00:00+00:00",701.9,12.2,7164000,48.24754,16.371206
"2017-01-01T00:00+00:00",567.3,12.3,7454160,48.24754,16.371206
"2018-01-01T00:00+00:00",673,13.2,7539480,48.24754,16.371206
"2019-01-01T00:00+00:00",634,13.1,7438320,48.24754,16.371206
"2020-01-01T00:00+00:00",676.6,12.6,7031880,48.24754,16.371206
"2021-01-01T00:00+00:00",554.9,11.9,7256880,48.24754,16.371206
"2022-01-01T00:00+00:00",446.8,12.9,7387920,48.24754,16.371206
"2023-01-01T00:00+00:00",772.6,13.3,6895440,48.24754,16.371206
"2024-01-01T00:00+00:00",785,13.9,7330680,48.24754,16.371206
"2025-01-01T00:00+00:00",303.4,13.4,5321880,48.24754,16.371206
"time","RR..kg.m.2.","TM..degree_Celsius.","SA..s.","lat","lon"
"1991-01-01T00:00+00:00",680.6,10.1,6187320,48.24824,16.34429
"1992-01-01T00:00+00:00",614.6,11.4,6874200,48.24824,16.34429
"1993-01-01T00:00+00:00",654.6,10.4,6744240,48.24824,16.34429
"1994-01-01T00:00+00:00",635.6,12,6961320,48.24824,16.34429
"1995-01-01T00:00+00:00",787.1,10.7,6325200,48.24824,16.34429
"1996-01-01T00:00+00:00",731.8,9.4,6137640,48.24824,16.34429
"1997-01-01T00:00+00:00",798,10.5,6990120,48.24824,16.34429
"1998-01-01T00:00+00:00",690.9,11.2,6714720,48.24824,16.34429
"1999-01-01T00:00+00:00",726.9,11.2,6640200,48.24824,16.34429
"2000-01-01T00:00+00:00",544.8,12.1,7216920,48.24824,16.34429
"2001-01-01T00:00+00:00",558.1,11,6498360,48.24824,16.34429
"2002-01-01T00:00+00:00",838.9,11.8,6793200,48.24824,16.34429
"2003-01-01T00:00+00:00",453.2,11.4,7898040,48.24824,16.34429
"2004-01-01T00:00+00:00",699.4,10.9,6597360,48.24824,16.34429
"2005-01-01T00:00+00:00",652.6,10.7,7184880,48.24824,16.34429
"2006-01-01T00:00+00:00",703.8,11.2,7547040,48.24824,16.34429
"2007-01-01T00:00+00:00",885.1,12.2,7499520,48.24824,16.34429
"2008-01-01T00:00+00:00",699.3,11.9,6952320,48.24824,16.34429
"2009-01-01T00:00+00:00",923.8,11.5,6917760,48.24824,16.34429
"2010-01-01T00:00+00:00",844.3,10.3,6386760,48.24824,16.34429
"2011-01-01T00:00+00:00",537.6,11.5,7665120,48.24824,16.34429
"2012-01-01T00:00+00:00",623.4,11.8,7495920,48.24824,16.34429
"2013-01-01T00:00+00:00",748.5,11.3,6756480,48.24824,16.34429
"2014-01-01T00:00+00:00",779.2,12.4,6671160,48.24824,16.34429
"2015-01-01T00:00+00:00",535.6,12.5,7202520,48.24824,16.34429
"2016-01-01T00:00+00:00",755.6,11.9,7069320,48.24824,16.34429
"2017-01-01T00:00+00:00",616.4,12,7381080,48.24824,16.34429
"2018-01-01T00:00+00:00",727.6,12.9,7452720,48.24824,16.34429
"2019-01-01T00:00+00:00",682.6,12.8,7327440,48.24824,16.34429
"2020-01-01T00:00+00:00",725.2,12.3,6949800,48.24824,16.34429
"2021-01-01T00:00+00:00",596.2,11.6,7176240,48.24824,16.34429
"2022-01-01T00:00+00:00",480.9,12.7,7282080,48.24824,16.34429
"2023-01-01T00:00+00:00",817.7,13,6806520,48.24824,16.34429
"2024-01-01T00:00+00:00",840.4,13.5,7224480,48.24824,16.34429
"2025-01-01T00:00+00:00",324.2,13.1,5243040,48.24824,16.34429
"time","RR..kg.m.2.","TM..degree_Celsius.","SA..s.","lat","lon"
"1991-01-01T00:00+00:00",655,10.9,6244920,48.212284,16.342203
"1992-01-01T00:00+00:00",573.9,12.3,6931440,48.212284,16.342203
"1993-01-01T00:00+00:00",615.5,11.3,6740640,48.212284,16.342203
"1994-01-01T00:00+00:00",597,12.8,6976800,48.212284,16.342203
"1995-01-01T00:00+00:00",735.7,11.5,6335640,48.212284,16.342203
"1996-01-01T00:00+00:00",687.9,10.1,6154560,48.212284,16.342203
"1997-01-01T00:00+00:00",761.3,11.3,6982560,48.212284,16.342203
"1998-01-01T00:00+00:00",651.4,11.9,6722280,48.212284,16.342203
"1999-01-01T00:00+00:00",684.2,12,6646320,48.212284,16.342203
"2000-01-01T00:00+00:00",510.7,12.9,7254360,48.212284,16.342203
"2001-01-01T00:00+00:00",529.4,11.8,6559560,48.212284,16.342203
"2002-01-01T00:00+00:00",793.5,12.6,6797520,48.212284,16.342203
"2003-01-01T00:00+00:00",424.7,12.2,7994520,48.212284,16.342203
"2004-01-01T00:00+00:00",660.5,11.6,6629400,48.212284,16.342203
"2005-01-01T00:00+00:00",628.2,11.5,7250400,48.212284,16.342203
"2006-01-01T00:00+00:00",660.4,12,7544880,48.212284,16.342203
"2007-01-01T00:00+00:00",836.1,13,7518960,48.212284,16.342203
"2008-01-01T00:00+00:00",668.9,12.7,6959880,48.212284,16.342203
"2009-01-01T00:00+00:00",867.8,12.3,6935400,48.212284,16.342203
"2010-01-01T00:00+00:00",794.4,11.1,6404400,48.212284,16.342203
"2011-01-01T00:00+00:00",513.9,12.4,7697520,48.212284,16.342203
"2012-01-01T00:00+00:00",589.1,12.6,7555680,48.212284,16.342203
"2013-01-01T00:00+00:00",700.5,12,6770160,48.212284,16.342203
"2014-01-01T00:00+00:00",746.3,13.2,6669720,48.212284,16.342203
"2015-01-01T00:00+00:00",505.7,13.3,7289640,48.212284,16.342203
"2016-01-01T00:00+00:00",712.5,12.7,7140240,48.212284,16.342203
"2017-01-01T00:00+00:00",585.9,12.7,7438320,48.212284,16.342203
"2018-01-01T00:00+00:00",683.7,13.6,7485840,48.212284,16.342203
"2019-01-01T00:00+00:00",634.4,13.6,7398000,48.212284,16.342203
"2020-01-01T00:00+00:00",692.2,13,6971400,48.212284,16.342203
"2021-01-01T00:00+00:00",561.6,12.3,7228080,48.212284,16.342203
"2022-01-01T00:00+00:00",452.6,13.4,7332480,48.212284,16.342203
"2023-01-01T00:00+00:00",760.2,13.8,6842160,48.212284,16.342203
"2024-01-01T00:00+00:00",792.6,14.3,7300080,48.212284,16.342203
"2025-01-01T00:00+00:00",313.7,13.9,5256000,48.212284,16.342203
"time","RR..kg.m.2.","TM..degree_Celsius.","SA..s.","lat","lon"
"1991-01-01T00:00+00:00",596.9,10.3,6244560,48.183914,16.39441
"1992-01-01T00:00+00:00",528.3,11.6,6993720,48.183914,16.39441
"1993-01-01T00:00+00:00",560.5,10.6,6751800,48.183914,16.39441
"1994-01-01T00:00+00:00",536.7,12.2,7011000,48.183914,16.39441
"1995-01-01T00:00+00:00",682.9,10.9,6336720,48.183914,16.39441
"1996-01-01T00:00+00:00",645.2,9.6,6167880,48.183914,16.39441
"1997-01-01T00:00+00:00",670.1,10.6,7046280,48.183914,16.39441
"1998-01-01T00:00+00:00",587.8,11.4,6719400,48.183914,16.39441
"1999-01-01T00:00+00:00",629.6,11.4,6650640,48.183914,16.39441
"2000-01-01T00:00+00:00",492.7,12.3,7292520,48.183914,16.39441
"2001-01-01T00:00+00:00",490.8,11.2,6569280,48.183914,16.39441
"2002-01-01T00:00+00:00",737.8,12,6831720,48.183914,16.39441
"2003-01-01T00:00+00:00",404.3,11.6,8059320,48.183914,16.39441
"2004-01-01T00:00+00:00",591.3,11.1,6679080,48.183914,16.39441
"2005-01-01T00:00+00:00",569.4,10.9,7271640,48.183914,16.39441
"2006-01-01T00:00+00:00",603.1,11.5,7568280,48.183914,16.39441
"2007-01-01T00:00+00:00",777,12.4,7515720,48.183914,16.39441
"2008-01-01T00:00+00:00",619.1,12.1,6988320,48.183914,16.39441
"2009-01-01T00:00+00:00",761.6,11.8,6993360,48.183914,16.39441
"2010-01-01T00:00+00:00",743.9,10.5,6430680,48.183914,16.39441
"2011-01-01T00:00+00:00",466.7,11.7,7735320,48.183914,16.39441
"2012-01-01T00:00+00:00",537.4,12,7548840,48.183914,16.39441
"2013-01-01T00:00+00:00",638.6,11.5,6760440,48.183914,16.39441
"2014-01-01T00:00+00:00",706.6,12.7,6683400,48.183914,16.39441
"2015-01-01T00:00+00:00",467.9,12.7,7287480,48.183914,16.39441
"2016-01-01T00:00+00:00",661.7,12.1,7155000,48.183914,16.39441
"2017-01-01T00:00+00:00",542.4,12.2,7463160,48.183914,16.39441
"2018-01-01T00:00+00:00",632.8,13,7520400,48.183914,16.39441
"2019-01-01T00:00+00:00",577.6,13,7407000,48.183914,16.39441
"2020-01-01T00:00+00:00",645.9,12.4,7073640,48.183914,16.39441
"2021-01-01T00:00+00:00",523.6,11.7,7272000,48.183914,16.39441
"2022-01-01T00:00+00:00",420.3,12.8,7367040,48.183914,16.39441
"2023-01-01T00:00+00:00",720.3,13.2,6859440,48.183914,16.39441
"2024-01-01T00:00+00:00",734.2,13.7,7310520,48.183914,16.39441
"2025-01-01T00:00+00:00",292.9,13.3,5302080,48.183914,16.39441
"time","RR..kg.m.2.","TM..degree_Celsius.","SA..s.","lat","lon"
"1991-01-01T00:00+00:00",565,10.2,6249240,48.254753,16.439032
"1992-01-01T00:00+00:00",505.6,11.6,6968880,48.254753,16.439032
"1993-01-01T00:00+00:00",549,10.6,6778440,48.254753,16.439032
"1994-01-01T00:00+00:00",516.4,12.2,7031160,48.254753,16.439032
"1995-01-01T00:00+00:00",675.3,10.9,6369120,48.254753,16.439032
"1996-01-01T00:00+00:00",637.2,9.6,6213240,48.254753,16.439032
"1997-01-01T00:00+00:00",647.1,10.6,7100640,48.254753,16.439032
"1998-01-01T00:00+00:00",575.5,11.4,6690960,48.254753,16.439032
"1999-01-01T00:00+00:00",616.3,11.3,6646680,48.254753,16.439032
"2000-01-01T00:00+00:00",490.5,12.3,7283520,48.254753,16.439032
"2001-01-01T00:00+00:00",481.5,11.2,6505200,48.254753,16.439032
"2002-01-01T00:00+00:00",734.4,12,6903720,48.254753,16.439032
"2003-01-01T00:00+00:00",402.5,11.6,8055360,48.254753,16.439032
"2004-01-01T00:00+00:00",572.6,11,6701760,48.254753,16.439032
"2005-01-01T00:00+00:00",547.5,10.9,7258320,48.254753,16.439032
"2006-01-01T00:00+00:00",587.5,11.4,7504920,48.254753,16.439032
"2007-01-01T00:00+00:00",768.7,12.4,7576920,48.254753,16.439032
"2008-01-01T00:00+00:00",605,12.1,7010640,48.254753,16.439032
"2009-01-01T00:00+00:00",718.6,11.8,7013880,48.254753,16.439032
"2010-01-01T00:00+00:00",737,10.5,6454440,48.254753,16.439032
"2011-01-01T00:00+00:00",450.6,11.7,7741800,48.254753,16.439032
"2012-01-01T00:00+00:00",521.6,12,7599600,48.254753,16.439032
"2013-01-01T00:00+00:00",619.2,11.5,6794280,48.254753,16.439032
"2014-01-01T00:00+00:00",715.5,12.6,6814440,48.254753,16.439032
"2015-01-01T00:00+00:00",456.8,12.6,7249680,48.254753,16.439032
"2016-01-01T00:00+00:00",652.5,12.1,7184880,48.254753,16.439032
"2017-01-01T00:00+00:00",531.7,12.2,7488720,48.254753,16.439032
"2018-01-01T00:00+00:00",623.3,13,7581960,48.254753,16.439032
"2019-01-01T00:00+00:00",563.8,13,7457400,48.254753,16.439032
"2020-01-01T00:00+00:00",642.3,12.4,7110360,48.254753,16.439032
"2021-01-01T00:00+00:00",522.7,11.7,7273440,48.254753,16.439032
"2022-01-01T00:00+00:00",412.6,12.8,7416360,48.254753,16.439032
"2023-01-01T00:00+00:00",712.4,13.1,6901920,48.254753,16.439032
"2024-01-01T00:00+00:00",724.9,13.7,7337880,48.254753,16.439032
"2025-01-01T00:00+00:00",282.9,13.2,5390280,48.254753,16.439032
"time","RR..kg.m.2.","TM..degree_Celsius.","SA..s.","lat","lon"
"1991-01-01T00:00+00:00",871.7,8.9,5991120,48.22567,16.167843
"1992-01-01T00:00+00:00",724.2,10.3,6856560,48.22567,16.167843
"1993-01-01T00:00+00:00",750,9.3,6515640,48.22567,16.167843
"1994-01-01T00:00+00:00",757.7,10.8,6773040,48.22567,16.167843
"1995-01-01T00:00+00:00",910.5,9.6,5976720,48.22567,16.167843
"1996-01-01T00:00+00:00",868.6,8.2,5793480,48.22567,16.167843
"1997-01-01T00:00+00:00",986.3,9.3,6824880,48.22567,16.167843
"1998-01-01T00:00+00:00",776,10,6331680,48.22567,16.167843
"1999-01-01T00:00+00:00",872.4,10,6462360,48.22567,16.167843
"2000-01-01T00:00+00:00",622.1,10.9,6959160,48.22567,16.167843
"2001-01-01T00:00+00:00",714.7,9.9,6192000,48.22567,16.167843
"2002-01-01T00:00+00:00",1022.9,10.6,6688800,48.22567,16.167843
"2003-01-01T00:00+00:00",523.4,10.2,7855200,48.22567,16.167843
"2004-01-01T00:00+00:00",882.2,9.7,6489360,48.22567,16.167843
"2005-01-01T00:00+00:00",909.8,9.4,6892920,48.22567,16.167843
"2006-01-01T00:00+00:00",837,10,7272720,48.22567,16.167843
"2007-01-01T00:00+00:00",1057.9,11,7190280,48.22567,16.167843
"2008-01-01T00:00+00:00",874,10.6,6747120,48.22567,16.167843
"2009-01-01T00:00+00:00",1133.2,10.3,6778800,48.22567,16.167843
"2010-01-01T00:00+00:00",982,9.1,6178680,48.22567,16.167843
"2011-01-01T00:00+00:00",681.1,10.4,7467120,48.22567,16.167843
"2012-01-01T00:00+00:00",745.3,10.5,7268400,48.22567,16.167843
"2013-01-01T00:00+00:00",899.1,10.1,6581880,48.22567,16.167843
"2014-01-01T00:00+00:00",943.6,11.3,6464880,48.22567,16.167843
"2015-01-01T00:00+00:00",672.2,11.4,6893280,48.22567,16.167843
"2016-01-01T00:00+00:00",916.7,10.7,6775200,48.22567,16.167843
"2017-01-01T00:00+00:00",787.7,10.7,7156800,48.22567,16.167843
"2018-01-01T00:00+00:00",862.9,11.7,7344000,48.22567,16.167843
"2019-01-01T00:00+00:00",806.5,11.5,7294320,48.22567,16.167843
"2020-01-01T00:00+00:00",925,11,6880680,48.22567,16.167843
"2021-01-01T00:00+00:00",718.7,10.3,6861960,48.22567,16.167843
"2022-01-01T00:00+00:00",613.9,11.4,7067880,48.22567,16.167843
"2023-01-01T00:00+00:00",920.3,11.8,6608160,48.22567,16.167843
"2024-01-01T00:00+00:00",1048.9,12.3,6963840,48.22567,16.167843
"2025-01-01T00:00+00:00",440,11.7,5240520,48.22567,16.167843
"time","RR..kg.m.2.","TM..degree_Celsius.","SA..s.","lat","lon"
"1991-01-01T00:00+00:00",593.4,10.6,6252840,48.22921,16.383606
"1992-01-01T00:00+00:00",535.2,12,6981120,48.22921,16.383606
"1993-01-01T00:00+00:00",570.6,11,6767280,48.22921,16.383606
"1994-01-01T00:00+00:00",548.9,12.5,7060680,48.22921,16.383606
"1995-01-01T00:00+00:00",691.3,11.3,6391080,48.22921,16.383606
"1996-01-01T00:00+00:00",646.4,9.9,6180480,48.22921,16.383606
"1997-01-01T00:00+00:00",680.4,11,7080840,48.22921,16.383606
"1998-01-01T00:00+00:00",605.1,11.7,6756840,48.22921,16.383606
"1999-01-01T00:00+00:00",633,11.7,6688080,48.22921,16.383606
"2000-01-01T00:00+00:00",487.5,12.7,7315200,48.22921,16.383606
"2001-01-01T00:00+00:00",488,11.6,6550560,48.22921,16.383606
"2002-01-01T00:00+00:00",738,12.4,6867720,48.22921,16.383606
"2003-01-01T00:00+00:00",402.7,12,7982280,48.22921,16.383606
"2004-01-01T00:00+00:00",596.3,11.4,6694200,48.22921,16.383606
"2005-01-01T00:00+00:00",561.2,11.3,7259400,48.22921,16.383606
"2006-01-01T00:00+00:00",615,11.8,7561080,48.22921,16.383606
"2007-01-01T00:00+00:00",773.1,12.8,7544160,48.22921,16.383606
"2008-01-01T00:00+00:00",614.1,12.5,7017480,48.22921,16.383606
"2009-01-01T00:00+00:00",788.2,12.2,6990480,48.22921,16.383606
"2010-01-01T00:00+00:00",754.6,10.9,6442560,48.22921,16.383606
"2011-01-01T00:00+00:00",471.1,12.1,7725600,48.22921,16.383606
"2012-01-01T00:00+00:00",543.5,12.4,7594560,48.22921,16.383606
"2013-01-01T00:00+00:00",651.6,11.9,6792120,48.22921,16.383606
"2014-01-01T00:00+00:00",696.1,13,6766920,48.22921,16.383606
"2015-01-01T00:00+00:00",464.3,13.1,7251120,48.22921,16.383606
"2016-01-01T00:00+00:00",662.3,12.5,7165080,48.22921,16.383606
"2017-01-01T00:00+00:00",535.6,12.6,7461360,48.22921,16.383606
"2018-01-01T00:00+00:00",636.1,13.4,7520400,48.22921,16.383606
"2019-01-01T00:00+00:00",594.4,13.4,7430040,48.22921,16.383606
"2020-01-01T00:00+00:00",641.6,12.8,7053480,48.22921,16.383606
"2021-01-01T00:00+00:00",524.4,12.1,7270200,48.22921,16.383606
"2022-01-01T00:00+00:00",420.9,13.2,7393680,48.22921,16.383606
"2023-01-01T00:00+00:00",728.6,13.6,6893640,48.22921,16.383606
"2024-01-01T00:00+00:00",741.4,14.1,7324920,48.22921,16.383606
"2025-01-01T00:00+00:00",285.4,13.7,5334840,48.22921,16.383606
"time","RR..kg.m.2.","TM..degree_Celsius.","SA..s.","lat","lon"
"1991-01-01T00:00+00:00",662.2,10.7,6257880,48.19431,16.341162
"1992-01-01T00:00+00:00",572.5,12.1,6951240,48.19431,16.341162
"1993-01-01T00:00+00:00",612.2,11.1,6753960,48.19431,16.341162
"1994-01-01T00:00+00:00",596,12.6,6984360,48.19431,16.341162
"1995-01-01T00:00+00:00",733.1,11.3,6336360,48.19431,16.341162
"1996-01-01T00:00+00:00",686.6,9.9,6174720,48.19431,16.341162
"1997-01-01T00:00+00:00",759.1,11.1,7002360,48.19431,16.341162
"1998-01-01T00:00+00:00",648,11.8,6726960,48.19431,16.341162
"1999-01-01T00:00+00:00",683.5,11.8,6631920,48.19431,16.341162
"2000-01-01T00:00+00:00",510.9,12.7,7261920,48.19431,16.341162
"2001-01-01T00:00+00:00",529.1,11.6,6571080,48.19431,16.341162
"2002-01-01T00:00+00:00",793.7,12.4,6793200,48.19431,16.341162
"2003-01-01T00:00+00:00",423.5,12,8022240,48.19431,16.341162
"2004-01-01T00:00+00:00",661.6,11.4,6634440,48.19431,16.341162
"2005-01-01T00:00+00:00",635,11.3,7248240,48.19431,16.341162
"2006-01-01T00:00+00:00",658.6,11.8,7546320,48.19431,16.341162
"2007-01-01T00:00+00:00",836.5,12.8,7511400,48.19431,16.341162
"2008-01-01T00:00+00:00",671.4,12.5,6961320,48.19431,16.341162
"2009-01-01T00:00+00:00",862.3,12.1,6962760,48.19431,16.341162
"2010-01-01T00:00+00:00",789.4,10.9,6405120,48.19431,16.341162
"2011-01-01T00:00+00:00",514.8,12.2,7709040,48.19431,16.341162
"2012-01-01T00:00+00:00",588.4,12.4,7544520,48.19431,16.341162
"2013-01-01T00:00+00:00",697.8,11.9,6766200,48.19431,16.341162
"2014-01-01T00:00+00:00",748.4,13,6652080,48.19431,16.341162
"2015-01-01T00:00+00:00",507.6,13.1,7311240,48.19431,16.341162
"2016-01-01T00:00+00:00",711.6,12.5,7152120,48.19431,16.341162
"2017-01-01T00:00+00:00",590,12.6,7441560,48.19431,16.341162
"2018-01-01T00:00+00:00",681.3,13.4,7485120,48.19431,16.341162
"2019-01-01T00:00+00:00",628.1,13.4,7383240,48.19431,16.341162
"2020-01-01T00:00+00:00",693.6,12.8,6997680,48.19431,16.341162
"2021-01-01T00:00+00:00",558.4,12.1,7248600,48.19431,16.341162
"2022-01-01T00:00+00:00",453.6,13.2,7330680,48.19431,16.341162
"2023-01-01T00:00+00:00",756.1,13.6,6848640,48.19431,16.341162
"2024-01-01T00:00+00:00",790.8,14.1,7290000,48.19431,16.341162
"2025-01-01T00:00+00:00",316.7,13.7,5272200,48.19431,16.341162
"time","RR..kg.m.2.","TM..degree_Celsius.","SA..s.","lat","lon"
"1991-01-01T00:00+00:00",745.5,9.9,6400440,48.105453,16.2957
"1992-01-01T00:00+00:00",648.7,11.3,7101720,48.105453,16.2957
"1993-01-01T00:00+00:00",598.6,10.2,6858720,48.105453,16.2957
"1994-01-01T00:00+00:00",569.2,11.8,7032600,48.105453,16.2957
"1995-01-01T00:00+00:00",755.8,10.5,6401880,48.105453,16.2957
"1996-01-01T00:00+00:00",697,9.2,6273360,48.105453,16.2957
"1997-01-01T00:00+00:00",789.2,10.2,7162920,48.105453,16.2957
"1998-01-01T00:00+00:00",605.7,10.9,6855480,48.105453,16.2957
"1999-01-01T00:00+00:00",714.7,10.9,6722280,48.105453,16.2957
"2000-01-01T00:00+00:00",525.9,11.9,7387560,48.105453,16.2957
"2001-01-01T00:00+00:00",548.2,10.9,6735240,48.105453,16.2957
"2002-01-01T00:00+00:00",825,11.6,6899400,48.105453,16.2957
"2003-01-01T00:00+00:00",426.1,11.2,8299440,48.105453,16.2957
"2004-01-01T00:00+00:00",632.7,10.7,6741360,48.105453,16.2957
"2005-01-01T00:00+00:00",644,10.5,7403760,48.105453,16.2957
"2006-01-01T00:00+00:00",617.1,11.1,7610760,48.105453,16.2957
"2007-01-01T00:00+00:00",847.4,12,7647840,48.105453,16.2957
"2008-01-01T00:00+00:00",722.3,11.7,7091280,48.105453,16.2957
"2009-01-01T00:00+00:00",867.4,11.4,7117920,48.105453,16.2957
"2010-01-01T00:00+00:00",782.7,10.2,6490800,48.105453,16.2957
"2011-01-01T00:00+00:00",543.3,11.4,7904520,48.105453,16.2957
"2012-01-01T00:00+00:00",599.1,11.6,7668360,48.105453,16.2957
"2013-01-01T00:00+00:00",691.1,11.2,6837840,48.105453,16.2957
"2014-01-01T00:00+00:00",733.1,12.3,6697440,48.105453,16.2957
"2015-01-01T00:00+00:00",488.3,12.4,7461720,48.105453,16.2957
"2016-01-01T00:00+00:00",740.8,11.7,7332840,48.105453,16.2957
"2017-01-01T00:00+00:00",627.9,11.8,7651080,48.105453,16.2957
"2018-01-01T00:00+00:00",672.4,12.5,7620480,48.105453,16.2957
"2019-01-01T00:00+00:00",582.8,12.5,7557480,48.105453,16.2957
"2020-01-01T00:00+00:00",666.1,11.8,7203240,48.105453,16.2957
"2021-01-01T00:00+00:00",586.9,11.2,7428600,48.105453,16.2957
"2022-01-01T00:00+00:00",450.6,12.2,7458840,48.105453,16.2957
"2023-01-01T00:00+00:00",739.5,12.7,6910560,48.105453,16.2957
"2024-01-01T00:00+00:00",721.8,13.2,7314480,48.105453,16.2957
"2025-01-01T00:00+00:00",355.5,12.6,5338800,48.105453,16.2957
"time","RR..kg.m.2.","TM..degree_Celsius.","SA..s.","lat","lon"
"1991-01-01T00:00+00:00",738.9,9.5,6311520,48.159733,16.28534
"1992-01-01T00:00+00:00",603.9,10.9,6995160,48.159733,16.28534
"1993-01-01T00:00+00:00",639.3,9.9,6807960,48.159733,16.28534
"1994-01-01T00:00+00:00",632.9,11.4,6969960,48.159733,16.28534
"1995-01-01T00:00+00:00",754.6,10.2,6331680,48.159733,16.28534
"1996-01-01T00:00+00:00",711.9,8.8,6149880,48.159733,16.28534
"1997-01-01T00:00+00:00",822.9,9.9,7041240,48.159733,16.28534
"1998-01-01T00:00+00:00",656.3,10.7,6703200,48.159733,16.28534
"1999-01-01T00:00+00:00",725.7,10.6,6639840,48.159733,16.28534
"2000-01-01T00:00+00:00",526.9,11.6,7245000,48.159733,16.28534
"2001-01-01T00:00+00:00",559.5,10.6,6556680,48.159733,16.28534
"2002-01-01T00:00+00:00",838.6,11.2,6804000,48.159733,16.28534
"2003-01-01T00:00+00:00",437.1,10.9,8137800,48.159733,16.28534
"2004-01-01T00:00+00:00",724,10.3,6667560,48.159733,16.28534
"2005-01-01T00:00+00:00",721.5,10.1,7270200,48.159733,16.28534
"2006-01-01T00:00+00:00",684.9,10.7,7539480,48.159733,16.28534
"2007-01-01T00:00+00:00",882.6,11.7,7570440,48.159733,16.28534
"2008-01-01T00:00+00:00",718.7,11.3,6982920,48.159733,16.28534
"2009-01-01T00:00+00:00",905.1,11,6985800,48.159733,16.28534
"2010-01-01T00:00+00:00",798.1,9.8,6429240,48.159733,16.28534
"2011-01-01T00:00+00:00",550.3,11,7785000,48.159733,16.28534
"2012-01-01T00:00+00:00",616.4,11.2,7602480,48.159733,16.28534
"2013-01-01T00:00+00:00",723.3,10.8,6788880,48.159733,16.28534
"2014-01-01T00:00+00:00",788.5,11.9,6633360,48.159733,16.28534
"2015-01-01T00:00+00:00",551.4,12,7311960,48.159733,16.28534
"2016-01-01T00:00+00:00",752.7,11.4,7178760,48.159733,16.28534
"2017-01-01T00:00+00:00",638.9,11.4,7525440,48.159733,16.28534
"2018-01-01T00:00+00:00",706.3,12.3,7566480,48.159733,16.28534
"2019-01-01T00:00+00:00",645.4,12.2,7433280,48.159733,16.28534
"2020-01-01T00:00+00:00",728.4,11.6,7088040,48.159733,16.28534
"2021-01-01T00:00+00:00",580.5,11,7295760,48.159733,16.28534
"2022-01-01T00:00+00:00",475.9,12,7401240,48.159733,16.28534
"2023-01-01T00:00+00:00",776.1,12.5,6829200,48.159733,16.28534
"2024-01-01T00:00+00:00",799.3,13,7243560,48.159733,16.28534
"2025-01-01T00:00+00:00",346.7,12.4,5296680,48.159733,16.28534
"time","RR..kg.m.2.","TM..degree_Celsius.","SA..s.","lat","lon"
"1991-01-01T00:00+00:00",611.7,10.9,6295680,48.220573,16.369627
"1992-01-01T00:00+00:00",546.7,12.3,7010280,48.220573,16.369627
"1993-01-01T00:00+00:00",583.9,11.2,6826680,48.220573,16.369627
"1994-01-01T00:00+00:00",562.5,12.8,7081560,48.220573,16.369627
"1995-01-01T00:00+00:00",703.2,11.5,6429240,48.220573,16.369627
"1996-01-01T00:00+00:00",657.5,10.2,6222240,48.220573,16.369627
"1997-01-01T00:00+00:00",703.8,11.3,7119000,48.220573,16.369627
"1998-01-01T00:00+00:00",619.2,12,6817680,48.220573,16.369627
"1999-01-01T00:00+00:00",647.4,12,6741000,48.220573,16.369627
"2000-01-01T00:00+00:00",492.8,12.9,7366680,48.220573,16.369627
"2001-01-01T00:00+00:00",499.4,11.8,6627600,48.220573,16.369627
"2002-01-01T00:00+00:00",751.9,12.6,6910920,48.220573,16.369627
"2003-01-01T00:00+00:00",408.2,12.2,8053200,48.220573,16.369627
"2004-01-01T00:00+00:00",614.1,11.7,6731640,48.220573,16.369627
"2005-01-01T00:00+00:00",578.7,11.5,7329600,48.220573,16.369627
"2006-01-01T00:00+00:00",628,12.1,7617960,48.220573,16.369627
"2007-01-01T00:00+00:00",789.8,13,7607520,48.220573,16.369627
"2008-01-01T00:00+00:00",629.6,12.7,7066440,48.220573,16.369627
"2009-01-01T00:00+00:00",814.6,12.4,7035480,48.220573,16.369627
"2010-01-01T00:00+00:00",765,11.1,6487560,48.220573,16.369627
"2011-01-01T00:00+00:00",483.3,12.4,7784640,48.220573,16.369627
"2012-01-01T00:00+00:00",557.4,12.6,7646040,48.220573,16.369627
"2013-01-01T00:00+00:00",667.1,12.1,6842880,48.220573,16.369627
"2014-01-01T00:00+00:00",708.1,13.3,6810120,48.220573,16.369627
"2015-01-01T00:00+00:00",475.2,13.3,7326360,48.220573,16.369627
"2016-01-01T00:00+00:00",676.5,12.7,7218360,48.220573,16.369627
"2017-01-01T00:00+00:00",548.9,12.8,7509600,48.220573,16.369627
"2018-01-01T00:00+00:00",649,13.6,7560360,48.220573,16.369627
"2019-01-01T00:00+00:00",606.3,13.6,7498440,48.220573,16.369627
"2020-01-01T00:00+00:00",654.7,13,7080480,48.220573,16.369627
"2021-01-01T00:00+00:00",534.6,12.3,7307640,48.220573,16.369627
"2022-01-01T00:00+00:00",430.7,13.4,7440120,48.220573,16.369627
"2023-01-01T00:00+00:00",737,13.8,6921720,48.220573,16.369627
"2024-01-01T00:00+00:00",756.3,14.4,7382880,48.220573,16.369627
"2025-01-01T00:00+00:00",293.7,13.9,5356080,48.220573,16.369627
"time","RR..kg.m.2.","TM..degree_Celsius.","SA..s.","lat","lon"
"1991-01-01T00:00+00:00",611.7,10.9,6295680,48.220573,16.369627
"1992-01-01T00:00+00:00",546.7,12.3,7010280,48.220573,16.369627
"1993-01-01T00:00+00:00",583.9,11.2,6826680,48.220573,16.369627
"1994-01-01T00:00+00:00",562.5,12.8,7081560,48.220573,16.369627
"1995-01-01T00:00+00:00",703.2,11.5,6429240,48.220573,16.369627
"1996-01-01T00:00+00:00",657.5,10.2,6222240,48.220573,16.369627
"1997-01-01T00:00+00:00",703.8,11.3,7119000,48.220573,16.369627
"1998-01-01T00:00+00:00",619.2,12,6817680,48.220573,16.369627
"1999-01-01T00:00+00:00",647.4,12,6741000,48.220573,16.369627
"2000-01-01T00:00+00:00",492.8,12.9,7366680,48.220573,16.369627
"2001-01-01T00:00+00:00",499.4,11.8,6627600,48.220573,16.369627
"2002-01-01T00:00+00:00",751.9,12.6,6910920,48.220573,16.369627
"2003-01-01T00:00+00:00",408.2,12.2,8053200,48.220573,16.369627
"2004-01-01T00:00+00:00",614.1,11.7,6731640,48.220573,16.369627
"2005-01-01T00:00+00:00",578.7,11.5,7329600,48.220573,16.369627
"2006-01-01T00:00+00:00",628,12.1,7617960,48.220573,16.369627
"2007-01-01T00:00+00:00",789.8,13,7607520,48.220573,16.369627
"2008-01-01T00:00+00:00",629.6,12.7,7066440,48.220573,16.369627
"2009-01-01T00:00+00:00",814.6,12.4,7035480,48.220573,16.369627
"2010-01-01T00:00+00:00",765,11.1,6487560,48.220573,16.369627
"2011-01-01T00:00+00:00",483.3,12.4,7784640,48.220573,16.369627
"2012-01-01T00:00+00:00",557.4,12.6,7646040,48.220573,16.369627
"2013-01-01T00:00+00:00",667.1,12.1,6842880,48.220573,16.369627
"2014-01-01T00:00+00:00",708.1,13.3,6810120,48.220573,16.369627
"2015-01-01T00:00+00:00",475.2,13.3,7326360,48.220573,16.369627
"2016-01-01T00:00+00:00",676.5,12.7,7218360,48.220573,16.369627
"2017-01-01T00:00+00:00",548.9,12.8,7509600,48.220573,16.369627
"2018-01-01T00:00+00:00",649,13.6,7560360,48.220573,16.369627
"2019-01-01T00:00+00:00",606.3,13.6,7498440,48.220573,16.369627
"2020-01-01T00:00+00:00",654.7,13,7080480,48.220573,16.369627
"2021-01-01T00:00+00:00",534.6,12.3,7307640,48.220573,16.369627
"2022-01-01T00:00+00:00",430.7,13.4,7440120,48.220573,16.369627
"2023-01-01T00:00+00:00",737,13.8,6921720,48.220573,16.369627
"2024-01-01T00:00+00:00",756.3,14.4,7382880,48.220573,16.369627
"2025-01-01T00:00+00:00",293.7,13.9,5356080,48.220573,16.369627
"time","RR..kg.m.2.","TM..degree_Celsius.","SA..s.","lat","lon"
"1991-01-01T00:00+00:00",573.3,10.3,6292800,48.2641,16.426107
"1992-01-01T00:00+00:00",516.4,11.7,6987240,48.2641,16.426107
"1993-01-01T00:00+00:00",558.9,10.6,6821640,48.2641,16.426107
"1994-01-01T00:00+00:00",529.1,12.2,7065360,48.2641,16.426107
"1995-01-01T00:00+00:00",684,11,6406560,48.2641,16.426107
"1996-01-01T00:00+00:00",644.5,9.6,6268320,48.2641,16.426107
"1997-01-01T00:00+00:00",660.6,10.6,7138440,48.2641,16.426107
"1998-01-01T00:00+00:00",590.7,11.4,6745680,48.2641,16.426107
"1999-01-01T00:00+00:00",622.3,11.4,6689160,48.2641,16.426107
"2000-01-01T00:00+00:00",491.2,12.4,7340400,48.2641,16.426107
"2001-01-01T00:00+00:00",487.7,11.2,6543000,48.2641,16.426107
"2002-01-01T00:00+00:00",739.6,12,6939000,48.2641,16.426107
"2003-01-01T00:00+00:00",404.9,11.6,8082360,48.2641,16.426107
"2004-01-01T00:00+00:00",582.3,11.1,6748920,48.2641,16.426107
"2005-01-01T00:00+00:00",552.2,11,7310160,48.2641,16.426107
"2006-01-01T00:00+00:00",599.3,11.5,7527960,48.2641,16.426107
"2007-01-01T00:00+00:00",773.4,12.4,7630200,48.2641,16.426107
"2008-01-01T00:00+00:00",608.1,12.1,7071120,48.2641,16.426107
"2009-01-01T00:00+00:00",744.8,11.8,7063200,48.2641,16.426107
"2010-01-01T00:00+00:00",748.4,10.6,6495480,48.2641,16.426107
"2011-01-01T00:00+00:00",460.7,11.8,7789320,48.2641,16.426107
"2012-01-01T00:00+00:00",532,12.1,7652160,48.2641,16.426107
"2013-01-01T00:00+00:00",634,11.5,6846840,48.2641,16.426107
"2014-01-01T00:00+00:00",710.6,12.7,6860520,48.2641,16.426107
"2015-01-01T00:00+00:00",461.4,12.7,7306560,48.2641,16.426107
"2016-01-01T00:00+00:00",659.4,12.1,7256160,48.2641,16.426107
"2017-01-01T00:00+00:00",535.5,12.3,7531200,48.2641,16.426107
"2018-01-01T00:00+00:00",631.3,13.1,7644240,48.2641,16.426107
"2019-01-01T00:00+00:00",578.3,13,7516800,48.2641,16.426107
"2020-01-01T00:00+00:00",647.6,12.5,7128000,48.2641,16.426107
"2021-01-01T00:00+00:00",525.3,11.7,7320600,48.2641,16.426107
"2022-01-01T00:00+00:00",418.6,12.8,7459920,48.2641,16.426107
"2023-01-01T00:00+00:00",721.1,13.2,6941160,48.2641,16.426107
"2024-01-01T00:00+00:00",737.9,13.8,7395840,48.2641,16.426107
"2025-01-01T00:00+00:00",285,13.3,5427000,48.2641,16.426107
"time","RR..kg.m.2.","TM..degree_Celsius.","SA..s.","lat","lon"
"1991-01-01T00:00+00:00",583.4,10.5,6226560,48.219868,16.39653
"1992-01-01T00:00+00:00",523.6,11.8,6963840,48.219868,16.39653
"1993-01-01T00:00+00:00",562.1,10.8,6734160,48.219868,16.39653
"1994-01-01T00:00+00:00",536.1,12.4,7027920,48.219868,16.39653
"1995-01-01T00:00+00:00",683,11.1,6358320,48.219868,16.39653
"1996-01-01T00:00+00:00",641,9.8,6157800,48.219868,16.39653
"1997-01-01T00:00+00:00",667.8,10.8,7051320,48.219868,16.39653
"1998-01-01T00:00+00:00",592.8,11.6,6718680,48.219868,16.39653
"1999-01-01T00:00+00:00",625,11.6,6662880,48.219868,16.39653
"2000-01-01T00:00+00:00",486.4,12.5,7265160,48.219868,16.39653
"2001-01-01T00:00+00:00",483.1,11.4,6539400,48.219868,16.39653
"2002-01-01T00:00+00:00",733.4,12.2,6839640,48.219868,16.39653
"2003-01-01T00:00+00:00",401.2,11.8,7990560,48.219868,16.39653
"2004-01-01T00:00+00:00",587.1,11.3,6655680,48.219868,16.39653
"2005-01-01T00:00+00:00",554.2,11.1,7241040,48.219868,16.39653
"2006-01-01T00:00+00:00",604.6,11.7,7547400,48.219868,16.39653
"2007-01-01T00:00+00:00",769,12.6,7508880,48.219868,16.39653
"2008-01-01T00:00+00:00",608.9,12.3,6973920,48.219868,16.39653
"2009-01-01T00:00+00:00",765.4,12,6966360,48.219868,16.39653
"2010-01-01T00:00+00:00",745.7,10.8,6423840,48.219868,16.39653
"2011-01-01T00:00+00:00",463.1,11.9,7700760,48.219868,16.39653
"2012-01-01T00:00+00:00",535,12.2,7551360,48.219868,16.39653
"2013-01-01T00:00+00:00",639.5,11.7,6756840,48.219868,16.39653
"2014-01-01T00:00+00:00",697.2,12.9,6730920,48.219868,16.39653
"2015-01-01T00:00+00:00",459.7,12.9,7246080,48.219868,16.39653
"2016-01-01T00:00+00:00",656.4,12.3,7129800,48.219868,16.39653
"2017-01-01T00:00+00:00",532.7,12.4,7434360,48.219868,16.39653
"2018-01-01T00:00+00:00",629.6,13.2,7493760,48.219868,16.39653
"2019-01-01T00:00+00:00",582.1,13.2,7391160,48.219868,16.39653
"2020-01-01T00:00+00:00",638.4,12.7,7048080,48.219868,16.39653
"2021-01-01T00:00+00:00",520.6,11.9,7253640,48.219868,16.39653
"2022-01-01T00:00+00:00",416.8,13,7361280,48.219868,16.39653
"2023-01-01T00:00+00:00",720.3,13.4,6855840,48.219868,16.39653
"2024-01-01T00:00+00:00",732.6,14,7297200,48.219868,16.39653
"2025-01-01T00:00+00:00",283.8,13.5,5309280,48.219868,16.39653
"time","RR..kg.m.2.","TM..degree_Celsius.","SA..s.","lat","lon"
"1991-01-01T00:00+00:00",744.4,9.7,6195960,48.248936,16.317373
"1992-01-01T00:00+00:00",658.6,11,6866640,48.248936,16.317373
"1993-01-01T00:00+00:00",704.9,10.1,6758280,48.248936,16.317373
"1994-01-01T00:00+00:00",689.1,11.6,6994800,48.248936,16.317373
"1995-01-01T00:00+00:00",842.3,10.3,6273000,48.248936,16.317373
"1996-01-01T00:00+00:00",782.1,9,6126120,48.248936,16.317373
"1997-01-01T00:00+00:00",874.4,10.1,7004880,48.248936,16.317373
"1998-01-01T00:00+00:00",739.8,10.8,6688440,48.248936,16.317373
"1999-01-01T00:00+00:00",785.4,10.8,6631920,48.248936,16.317373
"2000-01-01T00:00+00:00",583.2,11.7,7178040,48.248936,16.317373
"2001-01-01T00:00+00:00",602.2,10.6,6476040,48.248936,16.317373
"2002-01-01T00:00+00:00",902.7,11.4,6796080,48.248936,16.317373
"2003-01-01T00:00+00:00",483.5,11,7966080,48.248936,16.317373
"2004-01-01T00:00+00:00",766.7,10.4,6633720,48.248936,16.317373
"2005-01-01T00:00+00:00",722.5,10.3,7198920,48.248936,16.317373
"2006-01-01T00:00+00:00",758.1,10.8,7552800,48.248936,16.317373
"2007-01-01T00:00+00:00",953.6,11.8,7521840,48.248936,16.317373
"2008-01-01T00:00+00:00",757.4,11.4,6951960,48.248936,16.317373
"2009-01-01T00:00+00:00",1000,11.1,6958080,48.248936,16.317373
"2010-01-01T00:00+00:00",899.6,9.9,6399000,48.248936,16.317373
"2011-01-01T00:00+00:00",581.7,11.2,7696080,48.248936,16.317373
"2012-01-01T00:00+00:00",673.3,11.4,7551360,48.248936,16.317373
"2013-01-01T00:00+00:00",801.7,10.8,6792840,48.248936,16.317373
"2014-01-01T00:00+00:00",840.8,12,6651720,48.248936,16.317373
"2015-01-01T00:00+00:00",581.9,12.1,7174800,48.248936,16.317373
"2016-01-01T00:00+00:00",813.7,11.5,7052400,48.248936,16.317373
"2017-01-01T00:00+00:00",668.1,11.6,7432920,48.248936,16.317373
"2018-01-01T00:00+00:00",781.7,12.5,7524720,48.248936,16.317373
"2019-01-01T00:00+00:00",732,12.4,7371000,48.248936,16.317373
"2020-01-01T00:00+00:00",779.9,11.8,6998040,48.248936,16.317373
"2021-01-01T00:00+00:00",641.3,11.1,7196400,48.248936,16.317373
"2022-01-01T00:00+00:00",515.3,12.3,7334280,48.248936,16.317373
"2023-01-01T00:00+00:00",868.7,12.6,6819840,48.248936,16.317373
"2024-01-01T00:00+00:00",897,13.1,7221600,48.248936,16.317373
"2025-01-01T00:00+00:00",354.8,12.7,5238360,48.248936,16.317373
"time","RR..kg.m.2.","TM..degree_Celsius.","SA..s.","lat","lon"
"1991-01-01T00:00+00:00",683.4,10,6283440,48.167686,16.326164
"1992-01-01T00:00+00:00",574.6,11.4,6980040,48.167686,16.326164
"1993-01-01T00:00+00:00",611.7,10.4,6762240,48.167686,16.326164
"1994-01-01T00:00+00:00",599,11.9,6967800,48.167686,16.326164
"1995-01-01T00:00+00:00",726.4,10.7,6334920,48.167686,16.326164
"1996-01-01T00:00+00:00",686.5,9.3,6149880,48.167686,16.326164
"1997-01-01T00:00+00:00",766.8,10.4,7038000,48.167686,16.326164
"1998-01-01T00:00+00:00",637.1,11.1,6709680,48.167686,16.326164
"1999-01-01T00:00+00:00",688.2,11.1,6637680,48.167686,16.326164
"2000-01-01T00:00+00:00",512.5,12.1,7259400,48.167686,16.326164
"2001-01-01T00:00+00:00",532.8,11,6571080,48.167686,16.326164
"2002-01-01T00:00+00:00",799,11.7,6809400,48.167686,16.326164
"2003-01-01T00:00+00:00",423.9,11.4,8094600,48.167686,16.326164
"2004-01-01T00:00+00:00",673.9,10.8,6667920,48.167686,16.326164
"2005-01-01T00:00+00:00",664.5,10.6,7276680,48.167686,16.326164
"2006-01-01T00:00+00:00",659.5,11.2,7537680,48.167686,16.326164
"2007-01-01T00:00+00:00",841.1,12.1,7548840,48.167686,16.326164
"2008-01-01T00:00+00:00",679.8,11.8,6985800,48.167686,16.326164
"2009-01-01T00:00+00:00",860.9,11.5,6985440,48.167686,16.326164
"2010-01-01T00:00+00:00",781.3,10.3,6421320,48.167686,16.326164
"2011-01-01T00:00+00:00",521.2,11.5,7729560,48.167686,16.326164
"2012-01-01T00:00+00:00",589.9,11.8,7585920,48.167686,16.326164
"2013-01-01T00:00+00:00",695.9,11.3,6779160,48.167686,16.326164
"2014-01-01T00:00+00:00",754.2,12.4,6656760,48.167686,16.326164
"2015-01-01T00:00+00:00",519.6,12.5,7296480,48.167686,16.326164
"2016-01-01T00:00+00:00",718.6,11.9,7171200,48.167686,16.326164
"2017-01-01T00:00+00:00",600,11.9,7480440,48.167686,16.326164
"2018-01-01T00:00+00:00",679.8,12.8,7530840,48.167686,16.326164
"2019-01-01T00:00+00:00",623.5,12.7,7429680,48.167686,16.326164
"2020-01-01T00:00+00:00",697.9,12.1,7050240,48.167686,16.326164
"2021-01-01T00:00+00:00",558.9,11.4,7275960,48.167686,16.326164
"2022-01-01T00:00+00:00",456.5,12.5,7371000,48.167686,16.326164
"2023-01-01T00:00+00:00",753.4,12.9,6845400,48.167686,16.326164
"2024-01-01T00:00+00:00",780.7,13.4,7278840,48.167686,16.326164
"2025-01-01T00:00+00:00",325.7,12.9,5286960,48.167686,16.326164
"time","RR..kg.m.2.","TM..degree_Celsius.","SA..s.","lat","lon"
"1991-01-01T00:00+00:00",594.4,10.6,6252120,48.1929,16.39494
"1992-01-01T00:00+00:00",529.1,12,6993720,48.1929,16.39494
"1993-01-01T00:00+00:00",562.9,11,6759720,48.1929,16.39494
"1994-01-01T00:00+00:00",537.8,12.5,7015320,48.1929,16.39494
"1995-01-01T00:00+00:00",685.3,11.2,6348960,48.1929,16.39494
"1996-01-01T00:00+00:00",646.6,9.9,6170040,48.1929,16.39494
"1997-01-01T00:00+00:00",671.4,11,7037640,48.1929,16.39494
"1998-01-01T00:00+00:00",592.3,11.7,6724440,48.1929,16.39494
"1999-01-01T00:00+00:00",629.5,11.7,6653520,48.1929,16.39494
"2000-01-01T00:00+00:00",491.9,12.6,7291440,48.1929,16.39494
"2001-01-01T00:00+00:00",490.2,11.5,6575760,48.1929,16.39494
"2002-01-01T00:00+00:00",739.7,12.3,6822360,48.1929,16.39494
"2003-01-01T00:00+00:00",404.8,11.9,8045280,48.1929,16.39494
"2004-01-01T00:00+00:00",591.6,11.4,6669360,48.1929,16.39494
"2005-01-01T00:00+00:00",566.4,11.3,7270200,48.1929,16.39494
"2006-01-01T00:00+00:00",604.2,11.8,7575480,48.1929,16.39494
"2007-01-01T00:00+00:00",778.7,12.7,7511760,48.1929,16.39494
"2008-01-01T00:00+00:00",618.5,12.4,6984000,48.1929,16.39494
"2009-01-01T00:00+00:00",765.6,12.1,6990480,48.1929,16.39494
"2010-01-01T00:00+00:00",745.7,10.9,6427080,48.1929,16.39494
"2011-01-01T00:00+00:00",467.5,12.1,7734240,48.1929,16.39494
"2012-01-01T00:00+00:00",538.8,12.3,7544160,48.1929,16.39494
"2013-01-01T00:00+00:00",641.9,11.8,6758280,48.1929,16.39494
"2014-01-01T00:00+00:00",707,13,6691680,48.1929,16.39494
"2015-01-01T00:00+00:00",467.4,13,7289280,48.1929,16.39494
"2016-01-01T00:00+00:00",662.5,12.4,7155000,48.1929,16.39494
"2017-01-01T00:00+00:00",541.7,12.5,7463520,48.1929,16.39494
"2018-01-01T00:00+00:00",634.3,13.3,7508880,48.1929,16.39494
"2019-01-01T00:00+00:00",580.1,13.3,7406280,48.1929,16.39494
"2020-01-01T00:00+00:00",645.8,12.7,7062840,48.1929,16.39494
"2021-01-01T00:00+00:00",524.7,12,7268760,48.1929,16.39494
"2022-01-01T00:00+00:00",420.4,13.1,7368840,48.1929,16.39494
"2023-01-01T00:00+00:00",721.5,13.5,6858720,48.1929,16.39494
"2024-01-01T00:00+00:00",737.7,14.1,7319160,48.1929,16.39494
"2025-01-01T00:00+00:00",290.8,13.6,5301000,48.1929,16.39494
"time","RR..kg.m.2.","TM..degree_Celsius.","SA..s.","lat","lon"
"1991-01-01T00:00+00:00",656.7,10.9,6230520,48.203297,16.341682
"1992-01-01T00:00+00:00",569.9,12.3,6926400,48.203297,16.341682
"1993-01-01T00:00+00:00",612,11.3,6719040,48.203297,16.341682
"1994-01-01T00:00+00:00",594.6,12.8,6958440,48.203297,16.341682
"1995-01-01T00:00+00:00",732.1,11.5,6306480,48.203297,16.341682
"1996-01-01T00:00+00:00",685.2,10.1,6134400,48.203297,16.341682
"1997-01-01T00:00+00:00",759.2,11.3,6975000,48.203297,16.341682
"1998-01-01T00:00+00:00",648.2,12,6701760,48.203297,16.341682
"1999-01-01T00:00+00:00",682,12,6629040,48.203297,16.341682
"2000-01-01T00:00+00:00",508.6,12.9,7243560,48.203297,16.341682
"2001-01-01T00:00+00:00",526.7,11.8,6540120,48.203297,16.341682
"2002-01-01T00:00+00:00",790.8,12.6,6776280,48.203297,16.341682
"2003-01-01T00:00+00:00",422.6,12.2,7997040,48.203297,16.341682
"2004-01-01T00:00+00:00",658.3,11.6,6628680,48.203297,16.341682
"2005-01-01T00:00+00:00",630.1,11.5,7227360,48.203297,16.341682
"2006-01-01T00:00+00:00",658.2,12,7522920,48.203297,16.341682
"2007-01-01T00:00+00:00",833.6,13,7503120,48.203297,16.341682
"2008-01-01T00:00+00:00",667.6,12.7,6954120,48.203297,16.341682
"2009-01-01T00:00+00:00",862.9,12.4,6931800,48.203297,16.341682
"2010-01-01T00:00+00:00",789.2,11.2,6382080,48.203297,16.341682
"2011-01-01T00:00+00:00",514.2,12.4,7679880,48.203297,16.341682
"2012-01-01T00:00+00:00",587.4,12.6,7529400,48.203297,16.341682
"2013-01-01T00:00+00:00",697,12,6748560,48.203297,16.341682
"2014-01-01T00:00+00:00",745.4,13.2,6636240,48.203297,16.341682
"2015-01-01T00:00+00:00",504.9,13.3,7265520,48.203297,16.341682
"2016-01-01T00:00+00:00",710,12.7,7122600,48.203297,16.341682
"2017-01-01T00:00+00:00",586,12.7,7422120,48.203297,16.341682
"2018-01-01T00:00+00:00",681.5,13.6,7476480,48.203297,16.341682
"2019-01-01T00:00+00:00",628.8,13.6,7379640,48.203297,16.341682
"2020-01-01T00:00+00:00",691.8,13,6963480,48.203297,16.341682
"2021-01-01T00:00+00:00",559.1,12.3,7209720,48.203297,16.341682
"2022-01-01T00:00+00:00",451.8,13.4,7307280,48.203297,16.341682
"2023-01-01T00:00+00:00",754.2,13.8,6820920,48.203297,16.341682
"2024-01-01T00:00+00:00",789.5,14.4,7281720,48.203297,16.341682
"2025-01-01T00:00+00:00",314.1,13.9,5238360,48.203297,16.341682
"time","RR..kg.m.2.","TM..degree_Celsius.","SA..s.","lat","lon"
"1991-01-01T00:00+00:00",813.5,9,6204960,48.205357,16.261
"1992-01-01T00:00+00:00",668.9,10.5,6880320,48.205357,16.261
"1993-01-01T00:00+00:00",721.8,9.5,6722640,48.205357,16.261
"1994-01-01T00:00+00:00",717.6,11,6922440,48.205357,16.261
"1995-01-01T00:00+00:00",849,9.8,6228000,48.205357,16.261
"1996-01-01T00:00+00:00",791.2,8.4,6063480,48.205357,16.261
"1997-01-01T00:00+00:00",937.1,9.5,6963840,48.205357,16.261
"1998-01-01T00:00+00:00",744,10.3,6588000,48.205357,16.261
"1999-01-01T00:00+00:00",811.9,10.3,6564240,48.205357,16.261
"2000-01-01T00:00+00:00",577.5,11.2,7104240,48.205357,16.261
"2001-01-01T00:00+00:00",621.9,10.2,6417000,48.205357,16.261
"2002-01-01T00:00+00:00",940.1,10.8,6721200,48.205357,16.261
"2003-01-01T00:00+00:00",481.3,10.4,7970400,48.205357,16.261
"2004-01-01T00:00+00:00",824.2,9.9,6623280,48.205357,16.261
"2005-01-01T00:00+00:00",801.5,9.7,7139880,48.205357,16.261
"2006-01-01T00:00+00:00",775.5,10.2,7489800,48.205357,16.261
"2007-01-01T00:00+00:00",982.8,11.3,7440120,48.205357,16.261
"2008-01-01T00:00+00:00",800.7,10.9,6873120,48.205357,16.261
"2009-01-01T00:00+00:00",1029.6,10.5,6918120,48.205357,16.261
"2010-01-01T00:00+00:00",892,9.4,6342840,48.205357,16.261
"2011-01-01T00:00+00:00",613.2,10.6,7648200,48.205357,16.261
"2012-01-01T00:00+00:00",687.3,10.8,7477920,48.205357,16.261
"2013-01-01T00:00+00:00",814.2,10.4,6738480,48.205357,16.261
"2014-01-01T00:00+00:00",876.8,11.5,6582960,48.205357,16.261
"2015-01-01T00:00+00:00",615.4,11.6,7150680,48.205357,16.261
"2016-01-01T00:00+00:00",837.6,10.9,7025040,48.205357,16.261
"2017-01-01T00:00+00:00",706.8,11,7379280,48.205357,16.261
"2018-01-01T00:00+00:00",789.2,11.9,7502400,48.205357,16.261
"2019-01-01T00:00+00:00",727.3,11.8,7360560,48.205357,16.261
"2020-01-01T00:00+00:00",815,11.2,6958440,48.205357,16.261
"2021-01-01T00:00+00:00",648,10.6,7127640,48.205357,16.261
"2022-01-01T00:00+00:00",531.9,11.6,7288920,48.205357,16.261
"2023-01-01T00:00+00:00",862.3,12.1,6754680,48.205357,16.261
"2024-01-01T00:00+00:00",901.2,12.6,7129800,48.205357,16.261
"2025-01-01T00:00+00:00",378.2,12,5204160,48.205357,16.261
"time","RR..kg.m.2.","TM..degree_Celsius.","SA..s.","lat","lon"
"1991-01-01T00:00+00:00",728.2,9.8,6289920,48.239944,16.316856
"1992-01-01T00:00+00:00",640.2,11.1,6964200,48.239944,16.316856
"1993-01-01T00:00+00:00",686.3,10.1,6845400,48.239944,16.316856
"1994-01-01T00:00+00:00",671.1,11.7,7031880,48.239944,16.316856
"1995-01-01T00:00+00:00",819,10.5,6371640,48.239944,16.316856
"1996-01-01T00:00+00:00",761.1,9.1,6205320,48.239944,16.316856
"1997-01-01T00:00+00:00",854.8,10.2,7045560,48.239944,16.316856
"1998-01-01T00:00+00:00",721.6,10.9,6767280,48.239944,16.316856
"1999-01-01T00:00+00:00",764.7,10.9,6691320,48.239944,16.316856
"2000-01-01T00:00+00:00",565.7,11.9,7225920,48.239944,16.316856
"2001-01-01T00:00+00:00",586,10.8,6577200,48.239944,16.316856
"2002-01-01T00:00+00:00",880.7,11.5,6854040,48.239944,16.316856
"2003-01-01T00:00+00:00",469.3,11.1,8038080,48.239944,16.316856
"2004-01-01T00:00+00:00",746.9,10.6,6672960,48.239944,16.316856
"2005-01-01T00:00+00:00",705.3,10.4,7285320,48.239944,16.316856
"2006-01-01T00:00+00:00",737,10.9,7611120,48.239944,16.316856
"2007-01-01T00:00+00:00",929.5,11.9,7597080,48.239944,16.316856
"2008-01-01T00:00+00:00",739.2,11.6,7022520,48.239944,16.316856
"2009-01-01T00:00+00:00",972.7,11.3,7004160,48.239944,16.316856
"2010-01-01T00:00+00:00",872.9,10.1,6451560,48.239944,16.316856
"2011-01-01T00:00+00:00",568.4,11.3,7780680,48.239944,16.316856
"2012-01-01T00:00+00:00",654.9,11.5,7633800,48.239944,16.316856
"2013-01-01T00:00+00:00",778.3,11,6855480,48.239944,16.316856
"2014-01-01T00:00+00:00",821.3,12.2,6729840,48.239944,16.316856
"2015-01-01T00:00+00:00",566.9,12.3,7319520,48.239944,16.316856
"2016-01-01T00:00+00:00",790.7,11.6,7157160,48.239944,16.316856
"2017-01-01T00:00+00:00",652,11.7,7511040,48.239944,16.316856
"2018-01-01T00:00+00:00",760.7,12.6,7577280,48.239944,16.316856
"2019-01-01T00:00+00:00",709.4,12.5,7445160,48.239944,16.316856
"2020-01-01T00:00+00:00",762.5,12,7049160,48.239944,16.316856
"2021-01-01T00:00+00:00",623.4,11.3,7270200,48.239944,16.316856
"2022-01-01T00:00+00:00",501.3,12.4,7403400,48.239944,16.316856
"2023-01-01T00:00+00:00",842.2,12.7,6885360,48.239944,16.316856
"2024-01-01T00:00+00:00",873.6,13.2,7319520,48.239944,16.316856
"2025-01-01T00:00+00:00",345.4,12.8,5294520,48.239944,16.316856
"time","RR..kg.m.2.","TM..degree_Celsius.","SA..s.","lat","lon"
"1991-01-01T00:00+00:00",717.7,9.8,6312240,48.168377,16.299288
"1992-01-01T00:00+00:00",592.2,11.2,6985080,48.168377,16.299288
"1993-01-01T00:00+00:00",632.2,10.2,6801840,48.168377,16.299288
"1994-01-01T00:00+00:00",624.1,11.7,6962040,48.168377,16.299288
"1995-01-01T00:00+00:00",745.4,10.5,6316920,48.168377,16.299288
"1996-01-01T00:00+00:00",703.6,9.1,6134400,48.168377,16.299288
"1997-01-01T00:00+00:00",806.4,10.3,7044120,48.168377,16.299288
"1998-01-01T00:00+00:00",653,11,6701040,48.168377,16.299288
"1999-01-01T00:00+00:00",713,11,6640200,48.168377,16.299288
"2000-01-01T00:00+00:00",521.7,11.9,7241760,48.168377,16.299288
"2001-01-01T00:00+00:00",549.3,10.9,6531840,48.168377,16.299288
"2002-01-01T00:00+00:00",826.9,11.5,6798960,48.168377,16.299288
"2003-01-01T00:00+00:00",432,11.2,8120520,48.168377,16.299288
"2004-01-01T00:00+00:00",710.2,10.6,6682680,48.168377,16.299288
"2005-01-01T00:00+00:00",701.9,10.5,7242480,48.168377,16.299288
"2006-01-01T00:00+00:00",680.2,11,7535160,48.168377,16.299288
"2007-01-01T00:00+00:00",869,12,7551000,48.168377,16.299288
"2008-01-01T00:00+00:00",705.3,11.6,6974640,48.168377,16.299288
"2009-01-01T00:00+00:00",894,11.3,6985080,48.168377,16.299288
"2010-01-01T00:00+00:00",793.6,10.1,6416280,48.168377,16.299288
"2011-01-01T00:00+00:00",540.3,11.3,7734240,48.168377,16.299288
"2012-01-01T00:00+00:00",607.4,11.6,7580880,48.168377,16.299288
"2013-01-01T00:00+00:00",716,11.1,6804000,48.168377,16.299288
"2014-01-01T00:00+00:00",776.8,12.3,6629400,48.168377,16.299288
"2015-01-01T00:00+00:00",541.3,12.3,7255800,48.168377,16.299288
"2016-01-01T00:00+00:00",740.7,11.7,7139880,48.168377,16.299288
"2017-01-01T00:00+00:00",625.2,11.7,7482240,48.168377,16.299288
"2018-01-01T00:00+00:00",699.3,12.6,7543440,48.168377,16.299288
"2019-01-01T00:00+00:00",640.2,12.6,7416360,48.168377,16.299288
"2020-01-01T00:00+00:00",720.2,11.9,7058160,48.168377,16.299288
"2021-01-01T00:00+00:00",573.7,11.3,7252920,48.168377,16.299288
"2022-01-01T00:00+00:00",469.5,12.3,7374240,48.168377,16.299288
"2023-01-01T00:00+00:00",768.4,12.8,6822720,48.168377,16.299288
"2024-01-01T00:00+00:00",796.2,13.3,7231320,48.168377,16.299288
"2025-01-01T00:00+00:00",338.3,12.7,5281920,48.168377,16.299288
"time","RR..kg.m.2.","TM..degree_Celsius.","SA..s.","lat","lon"
"1991-01-01T00:00+00:00",637.1,11.1,6258600,48.20295,16.35513
"1992-01-01T00:00+00:00",559.3,12.5,6961680,48.20295,16.35513
"1993-01-01T00:00+00:00",599.2,11.5,6764400,48.20295,16.35513
"1994-01-01T00:00+00:00",579.5,13,6993360,48.20295,16.35513
"1995-01-01T00:00+00:00",720.3,11.7,6347880,48.20295,16.35513
"1996-01-01T00:00+00:00",675,10.3,6169320,48.20295,16.35513
"1997-01-01T00:00+00:00",735.3,11.5,7014600,48.20295,16.35513
"1998-01-01T00:00+00:00",637.7,12.2,6744240,48.20295,16.35513
"1999-01-01T00:00+00:00",667,12.2,6672960,48.20295,16.35513
"2000-01-01T00:00+00:00",501.2,13.1,7279200,48.20295,16.35513
"2001-01-01T00:00+00:00",517.2,12,6581880,48.20295,16.35513
"2002-01-01T00:00+00:00",775,12.8,6826680,48.20295,16.35513
"2003-01-01T00:00+00:00",415.7,12.4,8040240,48.20295,16.35513
"2004-01-01T00:00+00:00",638.1,11.8,6670440,48.20295,16.35513
"2005-01-01T00:00+00:00",608.5,11.7,7285680,48.20295,16.35513
"2006-01-01T00:00+00:00",644.9,12.3,7560720,48.20295,16.35513
"2007-01-01T00:00+00:00",816.1,13.2,7543800,48.20295,16.35513
"2008-01-01T00:00+00:00",654.2,12.9,6995880,48.20295,16.35513
"2009-01-01T00:00+00:00",841.6,12.6,6960240,48.20295,16.35513
"2010-01-01T00:00+00:00",780.5,11.4,6426720,48.20295,16.35513
"2011-01-01T00:00+00:00",503.3,12.6,7723800,48.20295,16.35513
"2012-01-01T00:00+00:00",574.5,12.8,7588440,48.20295,16.35513
"2013-01-01T00:00+00:00",684.7,12.2,6784920,48.20295,16.35513
"2014-01-01T00:00+00:00",731.7,13.4,6691680,48.20295,16.35513
"2015-01-01T00:00+00:00",492.1,13.5,7308360,48.20295,16.35513
"2016-01-01T00:00+00:00",695.3,12.9,7164720,48.20295,16.35513
"2017-01-01T00:00+00:00",570.8,13,7466400,48.20295,16.35513
"2018-01-01T00:00+00:00",666.1,13.8,7504920,48.20295,16.35513
"2019-01-01T00:00+00:00",617.6,13.8,7423560,48.20295,16.35513
"2020-01-01T00:00+00:00",679.9,13.3,7011720,48.20295,16.35513
"2021-01-01T00:00+00:00",548.1,12.5,7251480,48.20295,16.35513
"2022-01-01T00:00+00:00",443.8,13.6,7363080,48.20295,16.35513
"2023-01-01T00:00+00:00",744.6,14.1,6857280,48.20295,16.35513
"2024-01-01T00:00+00:00",780.1,14.6,7326720,48.20295,16.35513
"2025-01-01T00:00+00:00",307.9,14.1,5288040,48.20295,16.35513
"time","RR..kg.m.2.","TM..degree_Celsius.","SA..s.","lat","lon"
"1991-01-01T00:00+00:00",529.4,9.8,6327000,48.29639,16.562958
"1992-01-01T00:00+00:00",450.9,11.2,6992640,48.29639,16.562958
"1993-01-01T00:00+00:00",501.3,10.2,6841080,48.29639,16.562958
"1994-01-01T00:00+00:00",463.1,11.8,7062480,48.29639,16.562958
"1995-01-01T00:00+00:00",625.9,10.5,6406200,48.29639,16.562958
"1996-01-01T00:00+00:00",601.9,9.2,6361560,48.29639,16.562958
"1997-01-01T00:00+00:00",596,10.2,7204680,48.29639,16.562958
"1998-01-01T00:00+00:00",511.9,11,6750720,48.29639,16.562958
"1999-01-01T00:00+00:00",576.6,11,6646680,48.29639,16.562958
"2000-01-01T00:00+00:00",472.9,12,7421400,48.29639,16.562958
"2001-01-01T00:00+00:00",466.7,10.9,6567840,48.29639,16.562958
"2002-01-01T00:00+00:00",704.9,11.6,6995880,48.29639,16.562958
"2003-01-01T00:00+00:00",383.6,11.2,8231400,48.29639,16.562958
"2004-01-01T00:00+00:00",527.2,10.7,6798960,48.29639,16.562958
"2005-01-01T00:00+00:00",531.7,10.5,7409520,48.29639,16.562958
"2006-01-01T00:00+00:00",535.3,11.1,7470360,48.29639,16.562958
"2007-01-01T00:00+00:00",718.7,12,7730640,48.29639,16.562958
"2008-01-01T00:00+00:00",577.5,11.8,7219800,48.29639,16.562958
"2009-01-01T00:00+00:00",610.2,11.5,7154280,48.29639,16.562958
"2010-01-01T00:00+00:00",692,10.2,6606360,48.29639,16.562958
"2011-01-01T00:00+00:00",417.5,11.3,7966440,48.29639,16.562958
"2012-01-01T00:00+00:00",473.6,11.7,7815240,48.29639,16.562958
"2013-01-01T00:00+00:00",551.4,11.2,6865920,48.29639,16.562958
"2014-01-01T00:00+00:00",716.3,12.3,6898320,48.29639,16.562958
"2015-01-01T00:00+00:00",432.4,12.2,7440120,48.29639,16.562958
"2016-01-01T00:00+00:00",616.4,11.7,7459920,48.29639,16.562958
"2017-01-01T00:00+00:00",510.6,11.8,7667280,48.29639,16.562958
"2018-01-01T00:00+00:00",572.2,12.6,7817040,48.29639,16.562958
"2019-01-01T00:00+00:00",504.2,12.6,7673400,48.29639,16.562958
"2020-01-01T00:00+00:00",622.3,12,7352280,48.29639,16.562958
"2021-01-01T00:00+00:00",499.8,11.3,7451280,48.29639,16.562958
"2022-01-01T00:00+00:00",391.2,12.4,7518960,48.29639,16.562958
"2023-01-01T00:00+00:00",665.2,12.7,7007760,48.29639,16.562958
"2024-01-01T00:00+00:00",666.2,13.4,7500960,48.29639,16.562958
"2025-01-01T00:00+00:00",284.2,12.8,5562720,48.29639,16.562958
"time","RR..kg.m.2.","TM..degree_Celsius.","SA..s.","lat","lon"
"1991-01-01T00:00+00:00",634.9,10.5,6297840,48.229916,16.3567
"1992-01-01T00:00+00:00",568.1,11.9,6993360,48.229916,16.3567
"1993-01-01T00:00+00:00",606.7,10.8,6838920,48.229916,16.3567
"1994-01-01T00:00+00:00",587,12.4,7077240,48.229916,16.3567
"1995-01-01T00:00+00:00",729.5,11.1,6445440,48.229916,16.3567
"1996-01-01T00:00+00:00",681,9.8,6235920,48.229916,16.3567
"1997-01-01T00:00+00:00",736.5,10.9,7090200,48.229916,16.3567
"1998-01-01T00:00+00:00",642.4,11.6,6832440,48.229916,16.3567
"1999-01-01T00:00+00:00",673.5,11.6,6745320,48.229916,16.3567
"2000-01-01T00:00+00:00",508.8,12.6,7347960,48.229916,16.3567
"2001-01-01T00:00+00:00",518.1,11.4,6637320,48.229916,16.3567
"2002-01-01T00:00+00:00",780.1,12.2,6896520,48.229916,16.3567
"2003-01-01T00:00+00:00",421.2,11.8,8055720,48.229916,16.3567
"2004-01-01T00:00+00:00",643,11.3,6712560,48.229916,16.3567
"2005-01-01T00:00+00:00",603.5,11.1,7335720,48.229916,16.3567
"2006-01-01T00:00+00:00",652.8,11.7,7644960,48.229916,16.3567
"2007-01-01T00:00+00:00",820.5,12.6,7602120,48.229916,16.3567
"2008-01-01T00:00+00:00",652.7,12.3,7054560,48.229916,16.3567
"2009-01-01T00:00+00:00",852,12,7018920,48.229916,16.3567
"2010-01-01T00:00+00:00",788.6,10.8,6470640,48.229916,16.3567
"2011-01-01T00:00+00:00",501.3,12,7784640,48.229916,16.3567
"2012-01-01T00:00+00:00",579.1,12.3,7627320,48.229916,16.3567
"2013-01-01T00:00+00:00",693,11.7,6841440,48.229916,16.3567
"2014-01-01T00:00+00:00",730.7,12.9,6780600,48.229916,16.3567
"2015-01-01T00:00+00:00",494.6,12.9,7354800,48.229916,16.3567
"2016-01-01T00:00+00:00",701.4,12.3,7197840,48.229916,16.3567
"2017-01-01T00:00+00:00",570.7,12.5,7501320,48.229916,16.3567
"2018-01-01T00:00+00:00",674.6,13.3,7553160,48.229916,16.3567
"2019-01-01T00:00+00:00",629.5,13.3,7456320,48.229916,16.3567
"2020-01-01T00:00+00:00",677.4,12.7,7041240,48.229916,16.3567
"2021-01-01T00:00+00:00",554.5,12,7302240,48.229916,16.3567
"2022-01-01T00:00+00:00",445.8,13,7422840,48.229916,16.3567
"2023-01-01T00:00+00:00",761.6,13.4,6924600,48.229916,16.3567
"2024-01-01T00:00+00:00",781.6,14,7376400,48.229916,16.3567
"2025-01-01T00:00+00:00",303.4,13.5,5332320,48.229916,16.3567
"time","RR..kg.m.2.","TM..degree_Celsius.","SA..s.","lat","lon"
"1991-01-01T00:00+00:00",599.4,10.9,6245640,48.211235,16.382551
"1992-01-01T00:00+00:00",536.8,12.3,6989040,48.211235,16.382551
"1993-01-01T00:00+00:00",572.3,11.3,6746040,48.211235,16.382551
"1994-01-01T00:00+00:00",549.6,12.8,7044480,48.211235,16.382551
"1995-01-01T00:00+00:00",692.2,11.5,6369480,48.211235,16.382551
"1996-01-01T00:00+00:00",650.6,10.2,6163200,48.211235,16.382551
"1997-01-01T00:00+00:00",685.5,11.3,7065360,48.211235,16.382551
"1998-01-01T00:00+00:00",607.7,12,6733440,48.211235,16.382551
"1999-01-01T00:00+00:00",636.4,12,6668640,48.211235,16.382551
"2000-01-01T00:00+00:00",489.1,12.9,7283160,48.211235,16.382551
"2001-01-01T00:00+00:00",493,11.8,6549120,48.211235,16.382551
"2002-01-01T00:00+00:00",741.8,12.6,6843240,48.211235,16.382551
"2003-01-01T00:00+00:00",403.5,12.2,7996680,48.211235,16.382551
"2004-01-01T00:00+00:00",601,11.7,6680880,48.211235,16.382551
"2005-01-01T00:00+00:00",567.7,11.6,7247520,48.211235,16.382551
"2006-01-01T00:00+00:00",616.2,12.1,7561440,48.211235,16.382551
"2007-01-01T00:00+00:00",780.6,13,7516800,48.211235,16.382551
"2008-01-01T00:00+00:00",621.7,12.8,6993000,48.211235,16.382551
"2009-01-01T00:00+00:00",791.7,12.4,6977160,48.211235,16.382551
"2010-01-01T00:00+00:00",755.3,11.2,6433560,48.211235,16.382551
"2011-01-01T00:00+00:00",476.6,12.4,7710840,48.211235,16.382551
"2012-01-01T00:00+00:00",547.6,12.6,7565040,48.211235,16.382551
"2013-01-01T00:00+00:00",655.2,12.1,6759000,48.211235,16.382551
"2014-01-01T00:00+00:00",701.8,13.3,6732720,48.211235,16.382551
"2015-01-01T00:00+00:00",468.6,13.3,7257240,48.211235,16.382551
"2016-01-01T00:00+00:00",665.9,12.7,7139880,48.211235,16.382551
"2017-01-01T00:00+00:00",541.9,12.8,7439040,48.211235,16.382551
"2018-01-01T00:00+00:00",638.7,13.7,7500960,48.211235,16.382551
"2019-01-01T00:00+00:00",593,13.6,7399800,48.211235,16.382551
"2020-01-01T00:00+00:00",648.5,13.1,7061040,48.211235,16.382551
"2021-01-01T00:00+00:00",526.6,12.3,7259760,48.211235,16.382551
"2022-01-01T00:00+00:00",424.7,13.4,7369920,48.211235,16.382551
"2023-01-01T00:00+00:00",727,13.9,6866280,48.211235,16.382551
"2024-01-01T00:00+00:00",747.8,14.4,7308000,48.211235,16.382551
"2025-01-01T00:00+00:00",290.4,13.9,5312520,48.211235,16.382551
"time","RR..kg.m.2.","TM..degree_Celsius.","SA..s.","lat","lon"
"1991-01-01T00:00+00:00",599.4,10.9,6245640,48.211235,16.382551
"1992-01-01T00:00+00:00",536.8,12.3,6989040,48.211235,16.382551
"1993-01-01T00:00+00:00",572.3,11.3,6746040,48.211235,16.382551
"1994-01-01T00:00+00:00",549.6,12.8,7044480,48.211235,16.382551
"1995-01-01T00:00+00:00",692.2,11.5,6369480,48.211235,16.382551
"1996-01-01T00:00+00:00",650.6,10.2,6163200,48.211235,16.382551
"1997-01-01T00:00+00:00",685.5,11.3,7065360,48.211235,16.382551
"1998-01-01T00:00+00:00",607.7,12,6733440,48.211235,16.382551
"1999-01-01T00:00+00:00",636.4,12,6668640,48.211235,16.382551
"2000-01-01T00:00+00:00",489.1,12.9,7283160,48.211235,16.382551
"2001-01-01T00:00+00:00",493,11.8,6549120,48.211235,16.382551
"2002-01-01T00:00+00:00",741.8,12.6,6843240,48.211235,16.382551
"2003-01-01T00:00+00:00",403.5,12.2,7996680,48.211235,16.382551
"2004-01-01T00:00+00:00",601,11.7,6680880,48.211235,16.382551
"2005-01-01T00:00+00:00",567.7,11.6,7247520,48.211235,16.382551
"2006-01-01T00:00+00:00",616.2,12.1,7561440,48.211235,16.382551
"2007-01-01T00:00+00:00",780.6,13,7516800,48.211235,16.382551
"2008-01-01T00:00+00:00",621.7,12.8,6993000,48.211235,16.382551
"2009-01-01T00:00+00:00",791.7,12.4,6977160,48.211235,16.382551
"2010-01-01T00:00+00:00",755.3,11.2,6433560,48.211235,16.382551
"2011-01-01T00:00+00:00",476.6,12.4,7710840,48.211235,16.382551
"2012-01-01T00:00+00:00",547.6,12.6,7565040,48.211235,16.382551
"2013-01-01T00:00+00:00",655.2,12.1,6759000,48.211235,16.382551
"2014-01-01T00:00+00:00",701.8,13.3,6732720,48.211235,16.382551
"2015-01-01T00:00+00:00",468.6,13.3,7257240,48.211235,16.382551
"2016-01-01T00:00+00:00",665.9,12.7,7139880,48.211235,16.382551
"2017-01-01T00:00+00:00",541.9,12.8,7439040,48.211235,16.382551
"2018-01-01T00:00+00:00",638.7,13.7,7500960,48.211235,16.382551
"2019-01-01T00:00+00:00",593,13.6,7399800,48.211235,16.382551
"2020-01-01T00:00+00:00",648.5,13.1,7061040,48.211235,16.382551
"2021-01-01T00:00+00:00",526.6,12.3,7259760,48.211235,16.382551
"2022-01-01T00:00+00:00",424.7,13.4,7369920,48.211235,16.382551
"2023-01-01T00:00+00:00",727,13.9,6866280,48.211235,16.382551
"2024-01-01T00:00+00:00",747.8,14.4,7308000,48.211235,16.382551
"2025-01-01T00:00+00:00",290.4,13.9,5312520,48.211235,16.382551
"time","RR..kg.m.2.","TM..degree_Celsius.","SA..s.","lat","lon"
"1991-01-01T00:00+00:00",679,10.6,6262560,48.212635,16.328754
"1992-01-01T00:00+00:00",589.2,12,6926760,48.212635,16.328754
"1993-01-01T00:00+00:00",631.9,10.9,6772680,48.212635,16.328754
"1994-01-01T00:00+00:00",617.5,12.5,6982560,48.212635,16.328754
"1995-01-01T00:00+00:00",753.5,11.2,6347160,48.212635,16.328754
"1996-01-01T00:00+00:00",704.1,9.8,6166800,48.212635,16.328754
"1997-01-01T00:00+00:00",791.9,11,6999840,48.212635,16.328754
"1998-01-01T00:00+00:00",667.5,11.6,6725520,48.212635,16.328754
"1999-01-01T00:00+00:00",704.9,11.6,6632280,48.212635,16.328754
"2000-01-01T00:00+00:00",521.3,12.6,7246800,48.212635,16.328754
"2001-01-01T00:00+00:00",544,11.5,6560640,48.212635,16.328754
"2002-01-01T00:00+00:00",814.2,12.3,6789600,48.212635,16.328754
"2003-01-01T00:00+00:00",433.5,11.9,7993440,48.212635,16.328754
"2004-01-01T00:00+00:00",686.2,11.3,6626520,48.212635,16.328754
"2005-01-01T00:00+00:00",652.6,11.2,7232040,48.212635,16.328754
"2006-01-01T00:00+00:00",678.1,11.7,7544520,48.212635,16.328754
"2007-01-01T00:00+00:00",858.4,12.7,7503120,48.212635,16.328754
"2008-01-01T00:00+00:00",688.6,12.4,6967440,48.212635,16.328754
"2009-01-01T00:00+00:00",894.2,12,6945480,48.212635,16.328754
"2010-01-01T00:00+00:00",809.9,10.8,6402960,48.212635,16.328754
"2011-01-01T00:00+00:00",528.8,12,7687800,48.212635,16.328754
"2012-01-01T00:00+00:00",605.5,12.3,7553520,48.212635,16.328754
"2013-01-01T00:00+00:00",718.4,11.7,6782040,48.212635,16.328754
"2014-01-01T00:00+00:00",765.8,12.9,6652800,48.212635,16.328754
"2015-01-01T00:00+00:00",522.2,13,7268040,48.212635,16.328754
"2016-01-01T00:00+00:00",730.7,12.4,7135560,48.212635,16.328754
"2017-01-01T00:00+00:00",604.4,12.5,7428240,48.212635,16.328754
"2018-01-01T00:00+00:00",701.7,13.3,7491960,48.212635,16.328754
"2019-01-01T00:00+00:00",650.7,13.3,7389720,48.212635,16.328754
"2020-01-01T00:00+00:00",709.1,12.7,6981480,48.212635,16.328754
"2021-01-01T00:00+00:00",575.9,12,7221600,48.212635,16.328754
"2022-01-01T00:00+00:00",464.2,13.1,7320960,48.212635,16.328754
"2023-01-01T00:00+00:00",775.4,13.5,6835320,48.212635,16.328754
"2024-01-01T00:00+00:00",809.7,14,7263000,48.212635,16.328754
"2025-01-01T00:00+00:00",323.4,13.5,5248080,48.212635,16.328754
"time","RR..kg.m.2.","TM..degree_Celsius.","SA..s.","lat","lon"
"1991-01-01T00:00+00:00",656.7,10.9,6230520,48.203297,16.341682
"1992-01-01T00:00+00:00",569.9,12.3,6926400,48.203297,16.341682
"1993-01-01T00:00+00:00",612,11.3,6719040,48.203297,16.341682
"1994-01-01T00:00+00:00",594.6,12.8,6958440,48.203297,16.341682
"1995-01-01T00:00+00:00",732.1,11.5,6306480,48.203297,16.341682
"1996-01-01T00:00+00:00",685.2,10.1,6134400,48.203297,16.341682
"1997-01-01T00:00+00:00",759.2,11.3,6975000,48.203297,16.341682
"1998-01-01T00:00+00:00",648.2,12,6701760,48.203297,16.341682
"1999-01-01T00:00+00:00",682,12,6629040,48.203297,16.341682
"2000-01-01T00:00+00:00",508.6,12.9,7243560,48.203297,16.341682
"2001-01-01T00:00+00:00",526.7,11.8,6540120,48.203297,16.341682
"2002-01-01T00:00+00:00",790.8,12.6,6776280,48.203297,16.341682
"2003-01-01T00:00+00:00",422.6,12.2,7997040,48.203297,16.341682
"2004-01-01T00:00+00:00",658.3,11.6,6628680,48.203297,16.341682
"2005-01-01T00:00+00:00",630.1,11.5,7227360,48.203297,16.341682
"2006-01-01T00:00+00:00",658.2,12,7522920,48.203297,16.341682
"2007-01-01T00:00+00:00",833.6,13,7503120,48.203297,16.341682
"2008-01-01T00:00+00:00",667.6,12.7,6954120,48.203297,16.341682
"2009-01-01T00:00+00:00",862.9,12.4,6931800,48.203297,16.341682
"2010-01-01T00:00+00:00",789.2,11.2,6382080,48.203297,16.341682
"2011-01-01T00:00+00:00",514.2,12.4,7679880,48.203297,16.341682
"2012-01-01T00:00+00:00",587.4,12.6,7529400,48.203297,16.341682
"2013-01-01T00:00+00:00",697,12,6748560,48.203297,16.341682
"2014-01-01T00:00+00:00",745.4,13.2,6636240,48.203297,16.341682
"2015-01-01T00:00+00:00",504.9,13.3,7265520,48.203297,16.341682
"2016-01-01T00:00+00:00",710,12.7,7122600,48.203297,16.341682
"2017-01-01T00:00+00:00",586,12.7,7422120,48.203297,16.341682
"2018-01-01T00:00+00:00",681.5,13.6,7476480,48.203297,16.341682
"2019-01-01T00:00+00:00",628.8,13.6,7379640,48.203297,16.341682
"2020-01-01T00:00+00:00",691.8,13,6963480,48.203297,16.341682
"2021-01-01T00:00+00:00",559.1,12.3,7209720,48.203297,16.341682
"2022-01-01T00:00+00:00",451.8,13.4,7307280,48.203297,16.341682
"2023-01-01T00:00+00:00",754.2,13.8,6820920,48.203297,16.341682
"2024-01-01T00:00+00:00",789.5,14.4,7281720,48.203297,16.341682
"2025-01-01T00:00+00:00",314.1,13.9,5238360,48.203297,16.341682
"time","RR..kg.m.2.","TM..degree_Celsius.","SA..s.","lat","lon"
"1991-01-01T00:00+00:00",NA,8.3,6815880,46.709377,11.665419
"1992-01-01T00:00+00:00",NA,9.4,6464520,46.709377,11.665419
"1993-01-01T00:00+00:00",NA,9.1,6566400,46.709377,11.665419
"1994-01-01T00:00+00:00",NA,10.3,6566040,46.709377,11.665419
"1995-01-01T00:00+00:00",NA,8.9,6597360,46.709377,11.665419
"1996-01-01T00:00+00:00",NA,8.4,6825240,46.709377,11.665419
"1997-01-01T00:00+00:00",NA,9.4,7491960,46.709377,11.665419
"1998-01-01T00:00+00:00",NA,9.5,7223400,46.709377,11.665419
"1999-01-01T00:00+00:00",NA,9.3,6436440,46.709377,11.665419
"2000-01-01T00:00+00:00",NA,10,7029000,46.709377,11.665419
"2001-01-01T00:00+00:00",NA,9.4,7322400,46.709377,11.665419
"2002-01-01T00:00+00:00",NA,10.1,6917760,46.709377,11.665419
"2003-01-01T00:00+00:00",NA,9.8,8431560,46.709377,11.665419
"2004-01-01T00:00+00:00",NA,9.1,7551720,46.709377,11.665419
"2005-01-01T00:00+00:00",NA,8.8,7751160,46.709377,11.665419
"2006-01-01T00:00+00:00",NA,9.3,7912080,46.709377,11.665419
"2007-01-01T00:00+00:00",NA,10.1,7933680,46.709377,11.665419
"2008-01-01T00:00+00:00",NA,9.8,7222320,46.709377,11.665419
"2009-01-01T00:00+00:00",NA,9.7,7670520,46.709377,11.665419
"2010-01-01T00:00+00:00",NA,9,7101000,46.709377,11.665419
"2011-01-01T00:00+00:00",NA,10.1,7862760,46.709377,11.665419
"2012-01-01T00:00+00:00",NA,9.9,7495920,46.709377,11.665419
"2013-01-01T00:00+00:00",NA,9.8,6761880,46.709377,11.665419
"2014-01-01T00:00+00:00",NA,10.6,6301080,46.709377,11.665419
"2015-01-01T00:00+00:00",NA,10.6,7434720,46.709377,11.665419
"2016-01-01T00:00+00:00",NA,10.2,6965280,46.709377,11.665419
"2017-01-01T00:00+00:00",NA,10.2,7808040,46.709377,11.665419
"2018-01-01T00:00+00:00",NA,10.7,7069320,46.709377,11.665419
"2019-01-01T00:00+00:00",NA,10.5,6829200,46.709377,11.665419
"2020-01-01T00:00+00:00",NA,10.3,7220880,46.709377,11.665419
"2021-01-01T00:00+00:00",NA,9.5,7236000,46.709377,11.665419
"2022-01-01T00:00+00:00",NA,11,7575480,46.709377,11.665419
"2023-01-01T00:00+00:00",NA,11.1,6551640,46.709377,11.665419
"2024-01-01T00:00+00:00",NA,11.1,6080400,46.709377,11.665419
"2025-01-01T00:00+00:00",NA,12.2,4921920,46.709377,11.665419
"time","RR..kg.m.2.","TM..degree_Celsius.","SA..s.","lat","lon"
"1991-01-01T00:00+00:00",NA,NA,NA,48.112034,11.580151
"1992-01-01T00:00+00:00",NA,NA,NA,48.112034,11.580151
"1993-01-01T00:00+00:00",NA,NA,NA,48.112034,11.580151
"1994-01-01T00:00+00:00",NA,NA,NA,48.112034,11.580151
"1995-01-01T00:00+00:00",NA,NA,NA,48.112034,11.580151
"1996-01-01T00:00+00:00",NA,NA,NA,48.112034,11.580151
"1997-01-01T00:00+00:00",NA,NA,NA,48.112034,11.580151
"1998-01-01T00:00+00:00",NA,NA,NA,48.112034,11.580151
"1999-01-01T00:00+00:00",NA,NA,NA,48.112034,11.580151
"2000-01-01T00:00+00:00",NA,NA,NA,48.112034,11.580151
"2001-01-01T00:00+00:00",NA,NA,NA,48.112034,11.580151
"2002-01-01T00:00+00:00",NA,NA,NA,48.112034,11.580151
"2003-01-01T00:00+00:00",NA,NA,NA,48.112034,11.580151
"2004-01-01T00:00+00:00",NA,NA,NA,48.112034,11.580151
"2005-01-01T00:00+00:00",NA,NA,NA,48.112034,11.580151
"2006-01-01T00:00+00:00",NA,NA,NA,48.112034,11.580151
"2007-01-01T00:00+00:00",NA,NA,NA,48.112034,11.580151
"2008-01-01T00:00+00:00",NA,NA,NA,48.112034,11.580151
"2009-01-01T00:00+00:00",NA,NA,NA,48.112034,11.580151
"2010-01-01T00:00+00:00",NA,NA,NA,48.112034,11.580151
"2011-01-01T00:00+00:00",NA,NA,NA,48.112034,11.580151
"2012-01-01T00:00+00:00",NA,NA,NA,48.112034,11.580151
"2013-01-01T00:00+00:00",NA,NA,NA,48.112034,11.580151
"2014-01-01T00:00+00:00",NA,NA,NA,48.112034,11.580151
"2015-01-01T00:00+00:00",NA,NA,NA,48.112034,11.580151
"2016-01-01T00:00+00:00",NA,NA,NA,48.112034,11.580151
"2017-01-01T00:00+00:00",NA,NA,NA,48.112034,11.580151
"2018-01-01T00:00+00:00",NA,NA,NA,48.112034,11.580151
"2019-01-01T00:00+00:00",NA,NA,NA,48.112034,11.580151
"2020-01-01T00:00+00:00",NA,NA,NA,48.112034,11.580151
"2021-01-01T00:00+00:00",NA,NA,NA,48.112034,11.580151
"2022-01-01T00:00+00:00",NA,NA,NA,48.112034,11.580151
"2023-01-01T00:00+00:00",NA,NA,NA,48.112034,11.580151
"2024-01-01T00:00+00:00",NA,NA,NA,48.112034,11.580151
"2025-01-01T00:00+00:00",NA,NA,NA,48.112034,11.580151
"time","RR..kg.m.2.","TM..degree_Celsius.","SA..s.","lat","lon"
"1991-01-01T00:00+00:00",619.7,10.1,6291000,48.157303,16.379385
"1992-01-01T00:00+00:00",532.1,11.5,6984000,48.157303,16.379385
"1993-01-01T00:00+00:00",558.8,10.5,6775920,48.157303,16.379385
"1994-01-01T00:00+00:00",541.1,12,6969600,48.157303,16.379385
"1995-01-01T00:00+00:00",677.7,10.8,6336000,48.157303,16.379385
"1996-01-01T00:00+00:00",645.2,9.4,6201000,48.157303,16.379385
"1997-01-01T00:00+00:00",681,10.5,7049880,48.157303,16.379385
"1998-01-01T00:00+00:00",588.1,11.2,6717600,48.157303,16.379385
"1999-01-01T00:00+00:00",632.3,11.2,6642000,48.157303,16.379385
"2000-01-01T00:00+00:00",490.9,12.2,7305480,48.157303,16.379385
"2001-01-01T00:00+00:00",494.7,11.1,6604560,48.157303,16.379385
"2002-01-01T00:00+00:00",736.3,11.8,6864840,48.157303,16.379385
"2003-01-01T00:00+00:00",404.6,11.4,8136720,48.157303,16.379385
"2004-01-01T00:00+00:00",592.8,10.9,6661080,48.157303,16.379385
"2005-01-01T00:00+00:00",588.8,10.7,7320960,48.157303,16.379385
"2006-01-01T00:00+00:00",603.3,11.3,7488720,48.157303,16.379385
"2007-01-01T00:00+00:00",774.1,12.2,7604280,48.157303,16.379385
"2008-01-01T00:00+00:00",627,11.9,7042320,48.157303,16.379385
"2009-01-01T00:00+00:00",770.9,11.6,7022520,48.157303,16.379385
"2010-01-01T00:00+00:00",741.5,10.4,6437520,48.157303,16.379385
"2011-01-01T00:00+00:00",476.8,11.6,7804440,48.157303,16.379385
"2012-01-01T00:00+00:00",543,11.8,7641000,48.157303,16.379385
"2013-01-01T00:00+00:00",638.8,11.3,6799320,48.157303,16.379385
"2014-01-01T00:00+00:00",707.5,12.5,6719760,48.157303,16.379385
"2015-01-01T00:00+00:00",471.7,12.6,7351560,48.157303,16.379385
"2016-01-01T00:00+00:00",666.4,11.9,7248240,48.157303,16.379385
"2017-01-01T00:00+00:00",551.3,12,7578000,48.157303,16.379385
"2018-01-01T00:00+00:00",631.9,12.8,7643160,48.157303,16.379385
"2019-01-01T00:00+00:00",577.8,12.8,7515360,48.157303,16.379385
"2020-01-01T00:00+00:00",645.4,12.2,7133040,48.157303,16.379385
"2021-01-01T00:00+00:00",524.5,11.5,7357680,48.157303,16.379385
"2022-01-01T00:00+00:00",424.4,12.6,7437600,48.157303,16.379385
"2023-01-01T00:00+00:00",717.1,13,6908040,48.157303,16.379385
"2024-01-01T00:00+00:00",729.1,13.5,7340040,48.157303,16.379385
"2025-01-01T00:00+00:00",303.8,13,5364720,48.157303,16.379385
"time","RR..kg.m.2.","TM..degree_Celsius.","SA..s.","lat","lon"
"1991-01-01T00:00+00:00",614.6,11.2,6266520,48.211586,16.369102
"1992-01-01T00:00+00:00",546.6,12.6,6973920,48.211586,16.369102
"1993-01-01T00:00+00:00",584.5,11.6,6773040,48.211586,16.369102
"1994-01-01T00:00+00:00",562.9,13.1,7031520,48.211586,16.369102
"1995-01-01T00:00+00:00",704,11.8,6371280,48.211586,16.369102
"1996-01-01T00:00+00:00",659.4,10.4,6190200,48.211586,16.369102
"1997-01-01T00:00+00:00",707.3,11.6,7045920,48.211586,16.369102
"1998-01-01T00:00+00:00",621.8,12.2,6764760,48.211586,16.369102
"1999-01-01T00:00+00:00",648.2,12.2,6680160,48.211586,16.369102
"2000-01-01T00:00+00:00",493.8,13.2,7307640,48.211586,16.369102
"2001-01-01T00:00+00:00",502.6,12.1,6583680,48.211586,16.369102
"2002-01-01T00:00+00:00",754.1,12.9,6849720,48.211586,16.369102
"2003-01-01T00:00+00:00",407.9,12.5,8020440,48.211586,16.369102
"2004-01-01T00:00+00:00",615.3,11.9,6665040,48.211586,16.369102
"2005-01-01T00:00+00:00",583.7,11.8,7275240,48.211586,16.369102
"2006-01-01T00:00+00:00",629.4,12.3,7582680,48.211586,16.369102
"2007-01-01T00:00+00:00",792.9,13.3,7540200,48.211586,16.369102
"2008-01-01T00:00+00:00",633.8,13,7003800,48.211586,16.369102
"2009-01-01T00:00+00:00",816.1,12.7,6980400,48.211586,16.369102
"2010-01-01T00:00+00:00",766.5,11.4,6441480,48.211586,16.369102
"2011-01-01T00:00+00:00",487.2,12.7,7739280,48.211586,16.369102
"2012-01-01T00:00+00:00",559.6,12.9,7579080,48.211586,16.369102
"2013-01-01T00:00+00:00",668.7,12.3,6794640,48.211586,16.369102
"2014-01-01T00:00+00:00",711.5,13.5,6734160,48.211586,16.369102
"2015-01-01T00:00+00:00",477.2,13.6,7309440,48.211586,16.369102
"2016-01-01T00:00+00:00",677.2,13,7170840,48.211586,16.369102
"2017-01-01T00:00+00:00",551.9,13.1,7467480,48.211586,16.369102
"2018-01-01T00:00+00:00",650.6,13.9,7508520,48.211586,16.369102
"2019-01-01T00:00+00:00",605,13.9,7429320,48.211586,16.369102
"2020-01-01T00:00+00:00",659.8,13.3,7038360,48.211586,16.369102
"2021-01-01T00:00+00:00",536.2,12.6,7281720,48.211586,16.369102
"2022-01-01T00:00+00:00",432.3,13.7,7373880,48.211586,16.369102
"2023-01-01T00:00+00:00",734.4,14.1,6885360,48.211586,16.369102
"2024-01-01T00:00+00:00",760,14.7,7341120,48.211586,16.369102
"2025-01-01T00:00+00:00",296.7,14.2,5319000,48.211586,16.369102
"time","RR..kg.m.2.","TM..degree_Celsius.","SA..s.","lat","lon"
"1991-01-01T00:00+00:00",737.2,9.8,6269400,48.213326,16.301857
"1992-01-01T00:00+00:00",628,11.2,6926400,48.213326,16.301857
"1993-01-01T00:00+00:00",675.6,10.2,6775560,48.213326,16.301857
"1994-01-01T00:00+00:00",664.9,11.7,6974280,48.213326,16.301857
"1995-01-01T00:00+00:00",802.5,10.5,6321960,48.213326,16.301857
"1996-01-01T00:00+00:00",746.7,9.1,6149160,48.213326,16.301857
"1997-01-01T00:00+00:00",857,10.2,7012800,48.213326,16.301857
"1998-01-01T00:00+00:00",708.1,10.9,6710760,48.213326,16.301857
"1999-01-01T00:00+00:00",755,10.9,6631920,48.213326,16.301857
"2000-01-01T00:00+00:00",550.8,11.9,7212600,48.213326,16.301857
"2001-01-01T00:00+00:00",581.2,10.8,6532920,48.213326,16.301857
"2002-01-01T00:00+00:00",873.3,11.5,6789240,48.213326,16.301857
"2003-01-01T00:00+00:00",458.3,11.2,8014680,48.213326,16.301857
"2004-01-01T00:00+00:00",749.4,10.6,6652800,48.213326,16.301857
"2005-01-01T00:00+00:00",716.2,10.4,7237080,48.213326,16.301857
"2006-01-01T00:00+00:00",725.1,11,7549560,48.213326,16.301857
"2007-01-01T00:00+00:00",920.6,12,7532280,48.213326,16.301857
"2008-01-01T00:00+00:00",739.3,11.6,6969600,48.213326,16.301857
"2009-01-01T00:00+00:00",959.2,11.3,6961680,48.213326,16.301857
"2010-01-01T00:00+00:00",850.3,10.1,6409080,48.213326,16.301857
"2011-01-01T00:00+00:00",566.7,11.3,7710480,48.213326,16.301857
"2012-01-01T00:00+00:00",645.3,11.5,7580880,48.213326,16.301857
"2013-01-01T00:00+00:00",764.9,11,6809400,48.213326,16.301857
"2014-01-01T00:00+00:00",816.2,12.2,6642000,48.213326,16.301857
"2015-01-01T00:00+00:00",566.1,12.3,7273080,48.213326,16.301857
"2016-01-01T00:00+00:00",780.5,11.6,7133760,48.213326,16.301857
"2017-01-01T00:00+00:00",651.2,11.7,7461720,48.213326,16.301857
"2018-01-01T00:00+00:00",746.6,12.6,7527240,48.213326,16.301857
"2019-01-01T00:00+00:00",690.4,12.5,7415640,48.213326,16.301857
"2020-01-01T00:00+00:00",757.9,12,6998400,48.213326,16.301857
"2021-01-01T00:00+00:00",611.7,11.3,7226280,48.213326,16.301857
"2022-01-01T00:00+00:00",495.7,12.4,7353720,48.213326,16.301857
"2023-01-01T00:00+00:00",819.3,12.7,6832080,48.213326,16.301857
"2024-01-01T00:00+00:00",857.6,13.3,7265520,48.213326,16.301857
"2025-01-01T00:00+00:00",346.9,12.8,5252040,48.213326,16.301857
"time","RR..kg.m.2.","TM..degree_Celsius.","SA..s.","lat","lon"
"1991-01-01T00:00+00:00",594.4,10.6,6252120,48.1929,16.39494
"1992-01-01T00:00+00:00",529.1,12,6993720,48.1929,16.39494
"1993-01-01T00:00+00:00",562.9,11,6759720,48.1929,16.39494
"1994-01-01T00:00+00:00",537.8,12.5,7015320,48.1929,16.39494
"1995-01-01T00:00+00:00",685.3,11.2,6348960,48.1929,16.39494
"1996-01-01T00:00+00:00",646.6,9.9,6170040,48.1929,16.39494
"1997-01-01T00:00+00:00",671.4,11,7037640,48.1929,16.39494
"1998-01-01T00:00+00:00",592.3,11.7,6724440,48.1929,16.39494
"1999-01-01T00:00+00:00",629.5,11.7,6653520,48.1929,16.39494
"2000-01-01T00:00+00:00",491.9,12.6,7291440,48.1929,16.39494
"2001-01-01T00:00+00:00",490.2,11.5,6575760,48.1929,16.39494
"2002-01-01T00:00+00:00",739.7,12.3,6822360,48.1929,16.39494
"2003-01-01T00:00+00:00",404.8,11.9,8045280,48.1929,16.39494
"2004-01-01T00:00+00:00",591.6,11.4,6669360,48.1929,16.39494
"2005-01-01T00:00+00:00",566.4,11.3,7270200,48.1929,16.39494
"2006-01-01T00:00+00:00",604.2,11.8,7575480,48.1929,16.39494
"2007-01-01T00:00+00:00",778.7,12.7,7511760,48.1929,16.39494
"2008-01-01T00:00+00:00",618.5,12.4,6984000,48.1929,16.39494
"2009-01-01T00:00+00:00",765.6,12.1,6990480,48.1929,16.39494
"2010-01-01T00:00+00:00",745.7,10.9,6427080,48.1929,16.39494
"2011-01-01T00:00+00:00",467.5,12.1,7734240,48.1929,16.39494
"2012-01-01T00:00+00:00",538.8,12.3,7544160,48.1929,16.39494
"2013-01-01T00:00+00:00",641.9,11.8,6758280,48.1929,16.39494
"2014-01-01T00:00+00:00",707,13,6691680,48.1929,16.39494
"2015-01-01T00:00+00:00",467.4,13,7289280,48.1929,16.39494
"2016-01-01T00:00+00:00",662.5,12.4,7155000,48.1929,16.39494
"2017-01-01T00:00+00:00",541.7,12.5,7463520,48.1929,16.39494
"2018-01-01T00:00+00:00",634.3,13.3,7508880,48.1929,16.39494
"2019-01-01T00:00+00:00",580.1,13.3,7406280,48.1929,16.39494
"2020-01-01T00:00+00:00",645.8,12.7,7062840,48.1929,16.39494
"2021-01-01T00:00+00:00",524.7,12,7268760,48.1929,16.39494
"2022-01-01T00:00+00:00",420.4,13.1,7368840,48.1929,16.39494
"2023-01-01T00:00+00:00",721.5,13.5,6858720,48.1929,16.39494
"2024-01-01T00:00+00:00",737.7,14.1,7319160,48.1929,16.39494
"2025-01-01T00:00+00:00",290.8,13.6,5301000,48.1929,16.39494
"time","RR..kg.m.2.","TM..degree_Celsius.","SA..s.","lat","lon"
"1991-01-01T00:00+00:00",748.1,10.1,6300360,47.835354,16.628096
"1992-01-01T00:00+00:00",557.7,11.4,7092000,47.835354,16.628096
"1993-01-01T00:00+00:00",557,10.5,6625080,47.835354,16.628096
"1994-01-01T00:00+00:00",566.5,12.2,6757200,47.835354,16.628096
"1995-01-01T00:00+00:00",584.8,11,6200280,47.835354,16.628096
"1996-01-01T00:00+00:00",670.4,9.7,6175800,47.835354,16.628096
"1997-01-01T00:00+00:00",632.4,10.6,7049160,47.835354,16.628096
"1998-01-01T00:00+00:00",584.5,11.4,6447600,47.835354,16.628096
"1999-01-01T00:00+00:00",644,11.4,6432480,47.835354,16.628096
"2000-01-01T00:00+00:00",545.5,12.4,7278120,47.835354,16.628096
"2001-01-01T00:00+00:00",514.3,11.3,6589800,47.835354,16.628096
"2002-01-01T00:00+00:00",645,12,6773760,47.835354,16.628096
"2003-01-01T00:00+00:00",433.8,11.6,8058960,47.835354,16.628096
"2004-01-01T00:00+00:00",536.3,11,6384240,47.835354,16.628096
"2005-01-01T00:00+00:00",608.8,11,7146360,47.835354,16.628096
"2006-01-01T00:00+00:00",595.7,11.6,7056000,47.835354,16.628096
"2007-01-01T00:00+00:00",824.6,12.5,7381440,47.835354,16.628096
"2008-01-01T00:00+00:00",733.1,12.3,7082640,47.835354,16.628096
"2009-01-01T00:00+00:00",750.1,12,6989400,47.835354,16.628096
"2010-01-01T00:00+00:00",832.8,10.7,6348960,47.835354,16.628096
"2011-01-01T00:00+00:00",552.2,11.8,7732440,47.835354,16.628096
"2012-01-01T00:00+00:00",588.7,12.1,7457040,47.835354,16.628096
"2013-01-01T00:00+00:00",582,11.6,6706080,47.835354,16.628096
"2014-01-01T00:00+00:00",759.6,12.7,6657480,47.835354,16.628096
"2015-01-01T00:00+00:00",490.9,12.6,7333920,47.835354,16.628096
"2016-01-01T00:00+00:00",649.2,12.2,7291800,47.835354,16.628096
"2017-01-01T00:00+00:00",547.6,12.3,7527960,47.835354,16.628096
"2018-01-01T00:00+00:00",601,12.9,7618320,47.835354,16.628096
"2019-01-01T00:00+00:00",503.3,13,7392240,47.835354,16.628096
"2020-01-01T00:00+00:00",659.1,12.4,7232040,47.835354,16.628096
"2021-01-01T00:00+00:00",504,11.8,7415640,47.835354,16.628096
"2022-01-01T00:00+00:00",393.4,12.8,7319160,47.835354,16.628096
"2023-01-01T00:00+00:00",731.5,13.1,6675840,47.835354,16.628096
"2024-01-01T00:00+00:00",691.1,13.8,7269480,47.835354,16.628096
"2025-01-01T00:00+00:00",353.6,13.3,5245920,47.835354,16.628096
"time","RR..kg.m.2.","TM..degree_Celsius.","SA..s.","lat","lon"
"1991-01-01T00:00+00:00",560.4,9.6,6163920,48.303844,15.902297
"1992-01-01T00:00+00:00",516.3,11,6951240,48.303844,15.902297
"1993-01-01T00:00+00:00",508.5,10,6563520,48.303844,15.902297
"1994-01-01T00:00+00:00",485.3,11.5,6828480,48.303844,15.902297
"1995-01-01T00:00+00:00",625.3,10.3,6081120,48.303844,15.902297
"1996-01-01T00:00+00:00",668.5,8.8,5940360,48.303844,15.902297
"1997-01-01T00:00+00:00",617.1,9.9,6842160,48.303844,15.902297
"1998-01-01T00:00+00:00",526.6,10.7,6418080,48.303844,15.902297
"1999-01-01T00:00+00:00",601.5,10.7,6553080,48.303844,15.902297
"2000-01-01T00:00+00:00",479.8,11.7,7052040,48.303844,15.902297
"2001-01-01T00:00+00:00",559,10.6,6258600,48.303844,15.902297
"2002-01-01T00:00+00:00",749.4,11.3,6766200,48.303844,15.902297
"2003-01-01T00:00+00:00",403.7,10.9,7986240,48.303844,15.902297
"2004-01-01T00:00+00:00",552,10.4,6643800,48.303844,15.902297
"2005-01-01T00:00+00:00",654.5,10.2,6953760,48.303844,15.902297
"2006-01-01T00:00+00:00",607.7,10.7,7184160,48.303844,15.902297
"2007-01-01T00:00+00:00",711.9,11.8,7239240,48.303844,15.902297
"2008-01-01T00:00+00:00",624.3,11.4,6796440,48.303844,15.902297
"2009-01-01T00:00+00:00",822.5,11.1,6723720,48.303844,15.902297
"2010-01-01T00:00+00:00",770.5,9.9,6067800,48.303844,15.902297
"2011-01-01T00:00+00:00",491.9,11.1,7359840,48.303844,15.902297
"2012-01-01T00:00+00:00",547,11.2,7306560,48.303844,15.902297
"2013-01-01T00:00+00:00",680.8,10.8,6491160,48.303844,15.902297
"2014-01-01T00:00+00:00",663.4,12,6461280,48.303844,15.902297
"2015-01-01T00:00+00:00",472.3,12.1,7005960,48.303844,15.902297
"2016-01-01T00:00+00:00",673.3,11.5,6879960,48.303844,15.902297
"2017-01-01T00:00+00:00",558.1,11.5,7195320,48.303844,15.902297
"2018-01-01T00:00+00:00",619.7,12.4,7463880,48.303844,15.902297
"2019-01-01T00:00+00:00",607.4,12.3,7430400,48.303844,15.902297
"2020-01-01T00:00+00:00",731.8,11.8,7022520,48.303844,15.902297
"2021-01-01T00:00+00:00",585.9,11.1,6891480,48.303844,15.902297
"2022-01-01T00:00+00:00",528.9,12.1,7170840,48.303844,15.902297
"2023-01-01T00:00+00:00",651.5,12.6,6764400,48.303844,15.902297
"2024-01-01T00:00+00:00",848,13.1,7048080,48.303844,15.902297
"2025-01-01T00:00+00:00",351.7,12.5,5281200,48.303844,15.902297
"time","RR..kg.m.2.","TM..degree_Celsius.","SA..s.","lat","lon"
"1991-01-01T00:00+00:00",551.1,9.8,6234480,48.207256,16.530474
"1992-01-01T00:00+00:00",463,11.2,6967800,48.207256,16.530474
"1993-01-01T00:00+00:00",514.3,10.1,6735240,48.207256,16.530474
"1994-01-01T00:00+00:00",473.5,11.8,7015320,48.207256,16.530474
"1995-01-01T00:00+00:00",650,10.5,6353280,48.207256,16.530474
"1996-01-01T00:00+00:00",619.9,9.2,6258960,48.207256,16.530474
"1997-01-01T00:00+00:00",608.9,10.2,7157880,48.207256,16.530474
"1998-01-01T00:00+00:00",513.6,11,6693480,48.207256,16.530474
"1999-01-01T00:00+00:00",605.6,11,6627240,48.207256,16.530474
"2000-01-01T00:00+00:00",492.7,11.9,7399800,48.207256,16.530474
"2001-01-01T00:00+00:00",475.5,10.8,6558840,48.207256,16.530474
"2002-01-01T00:00+00:00",735.3,11.6,6932160,48.207256,16.530474
"2003-01-01T00:00+00:00",402.1,11.2,8150040,48.207256,16.530474
"2004-01-01T00:00+00:00",547.5,10.7,6734520,48.207256,16.530474
"2005-01-01T00:00+00:00",548.9,10.5,7306920,48.207256,16.530474
"2006-01-01T00:00+00:00",541.7,11.1,7445520,48.207256,16.530474
"2007-01-01T00:00+00:00",765.4,12,7609320,48.207256,16.530474
"2008-01-01T00:00+00:00",608.3,11.7,7114320,48.207256,16.530474
"2009-01-01T00:00+00:00",614.4,11.5,7093440,48.207256,16.530474
"2010-01-01T00:00+00:00",704.9,10.2,6497640,48.207256,16.530474
"2011-01-01T00:00+00:00",421.6,11.4,7812720,48.207256,16.530474
"2012-01-01T00:00+00:00",487.8,11.7,7631640,48.207256,16.530474
"2013-01-01T00:00+00:00",561,11.2,6803640,48.207256,16.530474
"2014-01-01T00:00+00:00",756.9,12.2,6804360,48.207256,16.530474
"2015-01-01T00:00+00:00",449.2,12.2,7312680,48.207256,16.530474
"2016-01-01T00:00+00:00",641,11.7,7293960,48.207256,16.530474
"2017-01-01T00:00+00:00",536.7,11.9,7540920,48.207256,16.530474
"2018-01-01T00:00+00:00",603,12.6,7669440,48.207256,16.530474
"2019-01-01T00:00+00:00",502.9,12.6,7513200,48.207256,16.530474
"2020-01-01T00:00+00:00",641.8,12,7217640,48.207256,16.530474
"2021-01-01T00:00+00:00",518.5,11.3,7376040,48.207256,16.530474
"2022-01-01T00:00+00:00",399,12.3,7436520,48.207256,16.530474
"2023-01-01T00:00+00:00",688.9,12.7,6927120,48.207256,16.530474
"2024-01-01T00:00+00:00",684.6,13.3,7424640,48.207256,16.530474
"2025-01-01T00:00+00:00",292.5,12.8,5418720,48.207256,16.530474
"time","RR..kg.m.2.","TM..degree_Celsius.","SA..s.","lat","lon"
"1991-01-01T00:00+00:00",661.2,10.3,6252480,48.17633,16.340122
"1992-01-01T00:00+00:00",562.8,11.7,6963120,48.17633,16.340122
"1993-01-01T00:00+00:00",600.3,10.7,6751800,48.17633,16.340122
"1994-01-01T00:00+00:00",585.7,12.2,6978240,48.17633,16.340122
"1995-01-01T00:00+00:00",717.4,11,6340320,48.17633,16.340122
"1996-01-01T00:00+00:00",677.7,9.6,6154200,48.17633,16.340122
"1997-01-01T00:00+00:00",746.3,10.7,7041600,48.17633,16.340122
"1998-01-01T00:00+00:00",631.8,11.4,6719760,48.17633,16.340122
"1999-01-01T00:00+00:00",673.1,11.4,6636240,48.17633,16.340122
"2000-01-01T00:00+00:00",504.9,12.4,7250760,48.17633,16.340122
"2001-01-01T00:00+00:00",521.7,11.3,6572520,48.17633,16.340122
"2002-01-01T00:00+00:00",783,12,6810840,48.17633,16.340122
"2003-01-01T00:00+00:00",418.6,11.6,8058240,48.17633,16.340122
"2004-01-01T00:00+00:00",651,11.1,6642360,48.17633,16.340122
"2005-01-01T00:00+00:00",636,10.9,7263360,48.17633,16.340122
"2006-01-01T00:00+00:00",647.1,11.5,7553520,48.17633,16.340122
"2007-01-01T00:00+00:00",824.2,12.4,7518960,48.17633,16.340122
"2008-01-01T00:00+00:00",664.8,12.1,6972480,48.17633,16.340122
"2009-01-01T00:00+00:00",843.4,11.8,6989040,48.17633,16.340122
"2010-01-01T00:00+00:00",774.6,10.6,6415920,48.17633,16.340122
"2011-01-01T00:00+00:00",510.4,11.8,7728480,48.17633,16.340122
"2012-01-01T00:00+00:00",578.1,12,7553160,48.17633,16.340122
"2013-01-01T00:00+00:00",684.1,11.5,6755760,48.17633,16.340122
"2014-01-01T00:00+00:00",740.6,12.7,6654600,48.17633,16.340122
"2015-01-01T00:00+00:00",504.8,12.8,7306200,48.17633,16.340122
"2016-01-01T00:00+00:00",703.9,12.1,7158240,48.17633,16.340122
"2017-01-01T00:00+00:00",584.7,12.2,7458840,48.17633,16.340122
"2018-01-01T00:00+00:00",669.7,13,7513560,48.17633,16.340122
"2019-01-01T00:00+00:00",616.1,13,7409520,48.17633,16.340122
"2020-01-01T00:00+00:00",685.5,12.4,7035840,48.17633,16.340122
"2021-01-01T00:00+00:00",549.8,11.7,7264800,48.17633,16.340122
"2022-01-01T00:00+00:00",447.1,12.8,7344360,48.17633,16.340122
"2023-01-01T00:00+00:00",743.7,13.2,6855840,48.17633,16.340122
"2024-01-01T00:00+00:00",773.6,13.8,7280280,48.17633,16.340122
"2025-01-01T00:00+00:00",316.4,13.2,5289480,48.17633,16.340122
"time","RR..kg.m.2.","TM..degree_Celsius.","SA..s.","lat","lon"
"1991-01-01T00:00+00:00",877.5,9,6058440,48.153095,16.19079
"1992-01-01T00:00+00:00",702.5,10.4,6833880,48.153095,16.19079
"1993-01-01T00:00+00:00",738.1,9.4,6545160,48.153095,16.19079
"1994-01-01T00:00+00:00",736.5,10.9,6801840,48.153095,16.19079
"1995-01-01T00:00+00:00",874.7,9.7,6041880,48.153095,16.19079
"1996-01-01T00:00+00:00",824.1,8.3,5879520,48.153095,16.19079
"1997-01-01T00:00+00:00",975.3,9.5,6850080,48.153095,16.19079
"1998-01-01T00:00+00:00",754.1,10.1,6402240,48.153095,16.19079
"1999-01-01T00:00+00:00",847.5,10.1,6441480,48.153095,16.19079
"2000-01-01T00:00+00:00",598,11.1,7006320,48.153095,16.19079
"2001-01-01T00:00+00:00",656.9,10,6294600,48.153095,16.19079
"2002-01-01T00:00+00:00",983.3,10.7,6662520,48.153095,16.19079
"2003-01-01T00:00+00:00",505,10.4,7931520,48.153095,16.19079
"2004-01-01T00:00+00:00",851.9,9.8,6478920,48.153095,16.19079
"2005-01-01T00:00+00:00",854.9,9.6,6980400,48.153095,16.19079
"2006-01-01T00:00+00:00",787.1,10.2,7265520,48.153095,16.19079
"2007-01-01T00:00+00:00",1022.1,11.1,7256160,48.153095,16.19079
"2008-01-01T00:00+00:00",845.5,10.8,6810840,48.153095,16.19079
"2009-01-01T00:00+00:00",1063.4,10.4,6814080,48.153095,16.19079
"2010-01-01T00:00+00:00",912.9,9.3,6212160,48.153095,16.19079
"2011-01-01T00:00+00:00",644.1,10.5,7540920,48.153095,16.19079
"2012-01-01T00:00+00:00",715.5,10.7,7338240,48.153095,16.19079
"2013-01-01T00:00+00:00",842.5,10.2,6583320,48.153095,16.19079
"2014-01-01T00:00+00:00",912.8,11.4,6458400,48.153095,16.19079
"2015-01-01T00:00+00:00",640.2,11.5,7017840,48.153095,16.19079
"2016-01-01T00:00+00:00",879.7,10.8,6886800,48.153095,16.19079
"2017-01-01T00:00+00:00",752.2,10.9,7286040,48.153095,16.19079
"2018-01-01T00:00+00:00",816.5,11.8,7350120,48.153095,16.19079
"2019-01-01T00:00+00:00",736.8,11.7,7299720,48.153095,16.19079
"2020-01-01T00:00+00:00",846.4,11.1,6916320,48.153095,16.19079
"2021-01-01T00:00+00:00",671.1,10.4,7013520,48.153095,16.19079
"2022-01-01T00:00+00:00",560.2,11.5,7155000,48.153095,16.19079
"2023-01-01T00:00+00:00",883.5,11.9,6641280,48.153095,16.19079
"2024-01-01T00:00+00:00",922.3,12.4,6979320,48.153095,16.19079
"2025-01-01T00:00+00:00",412,11.9,5191200,48.153095,16.19079
"time","RR..kg.m.2.","TM..degree_Celsius.","SA..s.","lat","lon"
"1991-01-01T00:00+00:00",611.8,10.7,6238800,48.18427,16.380968
"1992-01-01T00:00+00:00",539,12.1,6984000,48.18427,16.380968
"1993-01-01T00:00+00:00",570.9,11.1,6738480,48.18427,16.380968
"1994-01-01T00:00+00:00",549.6,12.6,7002360,48.18427,16.380968
"1995-01-01T00:00+00:00",691.7,11.4,6330600,48.18427,16.380968
"1996-01-01T00:00+00:00",652.7,10,6153120,48.18427,16.380968
"1997-01-01T00:00+00:00",687.3,11.1,7023600,48.18427,16.380968
"1998-01-01T00:00+00:00",604.8,11.8,6706440,48.18427,16.380968
"1999-01-01T00:00+00:00",639.1,11.8,6643440,48.18427,16.380968
"2000-01-01T00:00+00:00",495,12.8,7282080,48.18427,16.380968
"2001-01-01T00:00+00:00",496.6,11.6,6555600,48.18427,16.380968
"2002-01-01T00:00+00:00",746.7,12.4,6816600,48.18427,16.380968
"2003-01-01T00:00+00:00",407.4,12,8039160,48.18427,16.380968
"2004-01-01T00:00+00:00",603.8,11.5,6666120,48.18427,16.380968
"2005-01-01T00:00+00:00",581.6,11.4,7257600,48.18427,16.380968
"2006-01-01T00:00+00:00",615.9,11.9,7552800,48.18427,16.380968
"2007-01-01T00:00+00:00",787,12.8,7507440,48.18427,16.380968
"2008-01-01T00:00+00:00",627.5,12.5,6975720,48.18427,16.380968
"2009-01-01T00:00+00:00",789.2,12.2,6981840,48.18427,16.380968
"2010-01-01T00:00+00:00",752.4,11,6419160,48.18427,16.380968
"2011-01-01T00:00+00:00",479.6,12.2,7725600,48.18427,16.380968
"2012-01-01T00:00+00:00",549.6,12.4,7529760,48.18427,16.380968
"2013-01-01T00:00+00:00",653.5,11.9,6756840,48.18427,16.380968
"2014-01-01T00:00+00:00",709.9,13.1,6673680,48.18427,16.380968
"2015-01-01T00:00+00:00",475.1,13.1,7273080,48.18427,16.380968
"2016-01-01T00:00+00:00",671.1,12.5,7140600,48.18427,16.380968
"2017-01-01T00:00+00:00",551,12.6,7449480,48.18427,16.380968
"2018-01-01T00:00+00:00",642.3,13.5,7506000,48.18427,16.380968
"2019-01-01T00:00+00:00",590.6,13.4,7396560,48.18427,16.380968
"2020-01-01T00:00+00:00",652.7,12.9,7056000,48.18427,16.380968
"2021-01-01T00:00+00:00",528.3,12.1,7254720,48.18427,16.380968
"2022-01-01T00:00+00:00",427.8,13.3,7357320,48.18427,16.380968
"2023-01-01T00:00+00:00",727.2,13.7,6847560,48.18427,16.380968
"2024-01-01T00:00+00:00",747.9,14.2,7295040,48.18427,16.380968
"2025-01-01T00:00+00:00",296.8,13.7,5289120,48.18427,16.380968
"time","RR..kg.m.2.","TM..degree_Celsius.","SA..s.","lat","lon"
"1991-01-01T00:00+00:00",643.1,10.6,6261120,48.18497,16.354084
"1992-01-01T00:00+00:00",557.4,12,6968160,48.18497,16.354084
"1993-01-01T00:00+00:00",592.8,11,6762600,48.18497,16.354084
"1994-01-01T00:00+00:00",576,12.5,6980760,48.18497,16.354084
"1995-01-01T00:00+00:00",713.5,11.2,6345360,48.18497,16.354084
"1996-01-01T00:00+00:00",671.4,9.9,6183000,48.18497,16.354084
"1997-01-01T00:00+00:00",729,11,7019280,48.18497,16.354084
"1998-01-01T00:00+00:00",629.5,11.7,6737400,48.18497,16.354084
"1999-01-01T00:00+00:00",662.6,11.7,6649920,48.18497,16.354084
"2000-01-01T00:00+00:00",500.9,12.6,7286400,48.18497,16.354084
"2001-01-01T00:00+00:00",515.1,11.5,6584400,48.18497,16.354084
"2002-01-01T00:00+00:00",772.3,12.3,6810120,48.18497,16.354084
"2003-01-01T00:00+00:00",415.5,11.9,8056800,48.18497,16.354084
"2004-01-01T00:00+00:00",636.3,11.3,6663240,48.18497,16.354084
"2005-01-01T00:00+00:00",613.4,11.2,7264800,48.18497,16.354084
"2006-01-01T00:00+00:00",639.4,11.8,7555320,48.18497,16.354084
"2007-01-01T00:00+00:00",812.3,12.7,7521480,48.18497,16.354084
"2008-01-01T00:00+00:00",652.7,12.4,6980760,48.18497,16.354084
"2009-01-01T00:00+00:00",831.3,12.1,6984720,48.18497,16.354084
"2010-01-01T00:00+00:00",772,10.9,6419880,48.18497,16.354084
"2011-01-01T00:00+00:00",501.5,12.1,7719120,48.18497,16.354084
"2012-01-01T00:00+00:00",571,12.3,7552440,48.18497,16.354084
"2013-01-01T00:00+00:00",678.7,11.8,6775560,48.18497,16.354084
"2014-01-01T00:00+00:00",729.8,13,6657840,48.18497,16.354084
"2015-01-01T00:00+00:00",493.5,13,7313760,48.18497,16.354084
"2016-01-01T00:00+00:00",693.6,12.4,7170840,48.18497,16.354084
"2017-01-01T00:00+00:00",573.6,12.5,7450560,48.18497,16.354084
"2018-01-01T00:00+00:00",662.9,13.3,7503120,48.18497,16.354084
"2019-01-01T00:00+00:00",611.3,13.3,7404840,48.18497,16.354084
"2020-01-01T00:00+00:00",675.6,12.7,7021080,48.18497,16.354084
"2021-01-01T00:00+00:00",543.9,12,7266960,48.18497,16.354084
"2022-01-01T00:00+00:00",442.4,13.1,7337160,48.18497,16.354084
"2023-01-01T00:00+00:00",740.9,13.5,6855840,48.18497,16.354084
"2024-01-01T00:00+00:00",771.9,14.1,7287840,48.18497,16.354084
"2025-01-01T00:00+00:00",308.8,13.6,5297040,48.18497,16.354084
"time","RR..kg.m.2.","TM..degree_Celsius.","SA..s.","lat","lon"
"1991-01-01T00:00+00:00",702.5,10.3,6298560,48.195,16.314274
"1992-01-01T00:00+00:00",593.8,11.7,6945840,48.195,16.314274
"1993-01-01T00:00+00:00",639.7,10.7,6771240,48.195,16.314274
"1994-01-01T00:00+00:00",626.9,12.2,6980040,48.195,16.314274
"1995-01-01T00:00+00:00",758.6,11,6320160,48.195,16.314274
"1996-01-01T00:00+00:00",710.1,9.6,6143040,48.195,16.314274
"1997-01-01T00:00+00:00",808.9,10.7,7017840,48.195,16.314274
"1998-01-01T00:00+00:00",669.8,11.4,6708600,48.195,16.314274
"1999-01-01T00:00+00:00",715.8,11.4,6637320,48.195,16.314274
"2000-01-01T00:00+00:00",525.1,12.4,7232760,48.195,16.314274
"2001-01-01T00:00+00:00",551.5,11.3,6531840,48.195,16.314274
"2002-01-01T00:00+00:00",829.8,12,6791040,48.195,16.314274
"2003-01-01T00:00+00:00",436.8,11.7,8052840,48.195,16.314274
"2004-01-01T00:00+00:00",705.7,11.1,6649200,48.195,16.314274
"2005-01-01T00:00+00:00",682.1,11,7237440,48.195,16.314274
"2006-01-01T00:00+00:00",687.5,11.5,7534440,48.195,16.314274
"2007-01-01T00:00+00:00",872.5,12.5,7524360,48.195,16.314274
"2008-01-01T00:00+00:00",703.1,12.1,6961320,48.195,16.314274
"2009-01-01T00:00+00:00",905.8,11.8,6966000,48.195,16.314274
"2010-01-01T00:00+00:00",810.4,10.6,6400080,48.195,16.314274
"2011-01-01T00:00+00:00",539.4,11.8,7694640,48.195,16.314274
"2012-01-01T00:00+00:00",613.1,12.1,7573320,48.195,16.314274
"2013-01-01T00:00+00:00",726.2,11.5,6795360,48.195,16.314274
"2014-01-01T00:00+00:00",779.2,12.7,6641280,48.195,16.314274
"2015-01-01T00:00+00:00",535.5,12.8,7258320,48.195,16.314274
"2016-01-01T00:00+00:00",743.1,12.2,7134120,48.195,16.314274
"2017-01-01T00:00+00:00",619.6,12.2,7453080,48.195,16.314274
"2018-01-01T00:00+00:00",708,13.1,7522920,48.195,16.314274
"2019-01-01T00:00+00:00",652,13,7402320,48.195,16.314274
"2020-01-01T00:00+00:00",722,12.5,7005240,48.195,16.314274
"2021-01-01T00:00+00:00",579.8,11.8,7237080,48.195,16.314274
"2022-01-01T00:00+00:00",470.8,12.9,7357320,48.195,16.314274
"2023-01-01T00:00+00:00",778.8,13.3,6839280,48.195,16.314274
"2024-01-01T00:00+00:00",813.9,13.8,7249680,48.195,16.314274
"2025-01-01T00:00+00:00",332.3,13.3,5256000,48.195,16.314274
"time","RR..kg.m.2.","TM..degree_Celsius.","SA..s.","lat","lon"
"1991-01-01T00:00+00:00",1044.2,8.4,6871680,46.620472,14.045056
"1992-01-01T00:00+00:00",1008.3,9.7,7179480,46.620472,14.045056
"1993-01-01T00:00+00:00",1031.6,9.2,6747120,46.620472,14.045056
"1994-01-01T00:00+00:00",995.9,10.5,7165080,46.620472,14.045056
"1995-01-01T00:00+00:00",960.6,9.2,6915600,46.620472,14.045056
"1996-01-01T00:00+00:00",1183.3,8.4,6500520,46.620472,14.045056
"1997-01-01T00:00+00:00",800.2,9.6,7522200,46.620472,14.045056
"1998-01-01T00:00+00:00",1078.2,9.6,7539120,46.620472,14.045056
"1999-01-01T00:00+00:00",1152.7,9.5,6768720,46.620472,14.045056
"2000-01-01T00:00+00:00",1227.3,10.4,7746120,46.620472,14.045056
"2001-01-01T00:00+00:00",862,9.9,7619040,46.620472,14.045056
"2002-01-01T00:00+00:00",1009.9,10.6,7060320,46.620472,14.045056
"2003-01-01T00:00+00:00",924.6,10,8196120,46.620472,14.045056
"2004-01-01T00:00+00:00",1137.4,9.3,6982560,46.620472,14.045056
"2005-01-01T00:00+00:00",1127.2,9.1,7263720,46.620472,14.045056
"2006-01-01T00:00+00:00",853,9.5,7450560,46.620472,14.045056
"2007-01-01T00:00+00:00",913,10.5,8276040,46.620472,14.045056
"2008-01-01T00:00+00:00",1205.5,10.4,7486200,46.620472,14.045056
"2009-01-01T00:00+00:00",1190.3,10.2,7880760,46.620472,14.045056
"2010-01-01T00:00+00:00",1234.6,9.5,7148880,46.620472,14.045056
"2011-01-01T00:00+00:00",894,10.3,8249400,46.620472,14.045056
"2012-01-01T00:00+00:00",1209.3,10.4,8305920,46.620472,14.045056
"2013-01-01T00:00+00:00",1098.5,10.3,6922080,46.620472,14.045056
"2014-01-01T00:00+00:00",1436.7,11.2,6880680,46.620472,14.045056
"2015-01-01T00:00+00:00",954.3,10.7,8284320,46.620472,14.045056
"2016-01-01T00:00+00:00",1297.7,10.6,7951680,46.620472,14.045056
"2017-01-01T00:00+00:00",1183,10.5,8476920,46.620472,14.045056
"2018-01-01T00:00+00:00",985.9,11.2,7545600,46.620472,14.045056
"2019-01-01T00:00+00:00",1180.9,11.3,7821720,46.620472,14.045056
"2020-01-01T00:00+00:00",1214.7,10.7,7621200,46.620472,14.045056
"2021-01-01T00:00+00:00",979.4,9.8,7741080,46.620472,14.045056
"2022-01-01T00:00+00:00",910.1,11.2,8072640,46.620472,14.045056
"2023-01-01T00:00+00:00",1440.9,11.1,7266240,46.620472,14.045056
"2024-01-01T00:00+00:00",1125.2,11.7,7119360,46.620472,14.045056
"2025-01-01T00:00+00:00",551.2,12.8,5487840,46.620472,14.045056
"time","RR..kg.m.2.","TM..degree_Celsius.","SA..s.","lat","lon"
"1991-01-01T00:00+00:00",608.9,10.8,6244920,48.193256,16.381495
"1992-01-01T00:00+00:00",542.3,12.2,6993720,48.193256,16.381495
"1993-01-01T00:00+00:00",576.2,11.2,6750720,48.193256,16.381495
"1994-01-01T00:00+00:00",552.5,12.8,7008120,48.193256,16.381495
"1995-01-01T00:00+00:00",697.1,11.5,6347160,48.193256,16.381495
"1996-01-01T00:00+00:00",656.6,10.1,6168240,48.193256,16.381495
"1997-01-01T00:00+00:00",691.2,11.2,7029720,48.193256,16.381495
"1998-01-01T00:00+00:00",610.1,11.9,6717240,48.193256,16.381495
"1999-01-01T00:00+00:00",640.6,11.9,6643440,48.193256,16.381495
"2000-01-01T00:00+00:00",495,12.9,7282800,48.193256,16.381495
"2001-01-01T00:00+00:00",500.1,11.8,6564240,48.193256,16.381495
"2002-01-01T00:00+00:00",748.5,12.6,6820560,48.193256,16.381495
"2003-01-01T00:00+00:00",408.6,12.2,8032320,48.193256,16.381495
"2004-01-01T00:00+00:00",606.3,11.6,6664320,48.193256,16.381495
"2005-01-01T00:00+00:00",579.4,11.5,7254000,48.193256,16.381495
"2006-01-01T00:00+00:00",618.9,12,7571880,48.193256,16.381495
"2007-01-01T00:00+00:00",789.2,13,7505640,48.193256,16.381495
"2008-01-01T00:00+00:00",629.5,12.7,6981840,48.193256,16.381495
"2009-01-01T00:00+00:00",795.1,12.4,6983640,48.193256,16.381495
"2010-01-01T00:00+00:00",758.4,11.1,6422400,48.193256,16.381495
"2011-01-01T00:00+00:00",481.5,12.3,7725960,48.193256,16.381495
"2012-01-01T00:00+00:00",551.8,12.6,7542000,48.193256,16.381495
"2013-01-01T00:00+00:00",658.3,12,6754320,48.193256,16.381495
"2014-01-01T00:00+00:00",710.5,13.2,6689160,48.193256,16.381495
"2015-01-01T00:00+00:00",475.6,13.2,7285320,48.193256,16.381495
"2016-01-01T00:00+00:00",671.5,12.7,7146720,48.193256,16.381495
"2017-01-01T00:00+00:00",550.5,12.8,7457040,48.193256,16.381495
"2018-01-01T00:00+00:00",643.9,13.6,7503120,48.193256,16.381495
"2019-01-01T00:00+00:00",594.3,13.6,7398360,48.193256,16.381495
"2020-01-01T00:00+00:00",656.4,13,7055640,48.193256,16.381495
"2021-01-01T00:00+00:00",530.3,12.3,7264800,48.193256,16.381495
"2022-01-01T00:00+00:00",428.5,13.4,7356240,48.193256,16.381495
"2023-01-01T00:00+00:00",730.8,13.8,6849720,48.193256,16.381495
"2024-01-01T00:00+00:00",753.7,14.3,7307640,48.193256,16.381495
"2025-01-01T00:00+00:00",296.1,13.9,5297760,48.193256,16.381495
"time","RR..kg.m.2.","TM..degree_Celsius.","SA..s.","lat","lon"
"1991-01-01T00:00+00:00",684.9,10.5,6302520,48.221622,16.329273
"1992-01-01T00:00+00:00",599.5,11.9,6987960,48.221622,16.329273
"1993-01-01T00:00+00:00",643.4,10.9,6838200,48.221622,16.329273
"1994-01-01T00:00+00:00",626.5,12.4,7047000,48.221622,16.329273
"1995-01-01T00:00+00:00",767.2,11.2,6400440,48.221622,16.329273
"1996-01-01T00:00+00:00",714.8,9.8,6214680,48.221622,16.329273
"1997-01-01T00:00+00:00",800.3,10.9,7077600,48.221622,16.329273
"1998-01-01T00:00+00:00",678.1,11.6,6798960,48.221622,16.329273
"1999-01-01T00:00+00:00",714.8,11.6,6708600,48.221622,16.329273
"2000-01-01T00:00+00:00",529.7,12.6,7299000,48.221622,16.329273
"2001-01-01T00:00+00:00",550.9,11.4,6595920,48.221622,16.329273
"2002-01-01T00:00+00:00",826.3,12.2,6873480,48.221622,16.329273
"2003-01-01T00:00+00:00",440.8,11.8,8056800,48.221622,16.329273
"2004-01-01T00:00+00:00",696.6,11.3,6706440,48.221622,16.329273
"2005-01-01T00:00+00:00",659.2,11.1,7310520,48.221622,16.329273
"2006-01-01T00:00+00:00",689.4,11.7,7620840,48.221622,16.329273
"2007-01-01T00:00+00:00",870.4,12.6,7593120,48.221622,16.329273
"2008-01-01T00:00+00:00",696.2,12.3,7044480,48.221622,16.329273
"2009-01-01T00:00+00:00",909.6,12,7010280,48.221622,16.329273
"2010-01-01T00:00+00:00",821.9,10.8,6467400,48.221622,16.329273
"2011-01-01T00:00+00:00",534.2,12,7772760,48.221622,16.329273
"2012-01-01T00:00+00:00",614.9,12.2,7638120,48.221622,16.329273
"2013-01-01T00:00+00:00",731.1,11.7,6840720,48.221622,16.329273
"2014-01-01T00:00+00:00",773.9,12.9,6739200,48.221622,16.329273
"2015-01-01T00:00+00:00",529.9,12.9,7319520,48.221622,16.329273
"2016-01-01T00:00+00:00",741.2,12.3,7185600,48.221622,16.329273
"2017-01-01T00:00+00:00",611.4,12.4,7502760,48.221622,16.329273
"2018-01-01T00:00+00:00",713.2,13.3,7563960,48.221622,16.329273
"2019-01-01T00:00+00:00",662.7,13.2,7466400,48.221622,16.329273
"2020-01-01T00:00+00:00",717.2,12.7,7053840,48.221622,16.329273
"2021-01-01T00:00+00:00",584.9,12,7283160,48.221622,16.329273
"2022-01-01T00:00+00:00",471.4,13.1,7407720,48.221622,16.329273
"2023-01-01T00:00+00:00",790.7,13.4,6895080,48.221622,16.329273
"2024-01-01T00:00+00:00",821.5,14,7335000,48.221622,16.329273
"2025-01-01T00:00+00:00",325.9,13.5,5317560,48.221622,16.329273
"time","RR..kg.m.2.","TM..degree_Celsius.","SA..s.","lat","lon"
"1991-01-01T00:00+00:00",1090.4,8.6,6513840,46.639347,13.888539
"1992-01-01T00:00+00:00",1052.3,9.9,6780960,46.639347,13.888539
"1993-01-01T00:00+00:00",1090.3,9.5,6435720,46.639347,13.888539
"1994-01-01T00:00+00:00",1056.1,10.6,6765840,46.639347,13.888539
"1995-01-01T00:00+00:00",1012.4,9.4,6501600,46.639347,13.888539
"1996-01-01T00:00+00:00",1224.8,8.6,6218640,46.639347,13.888539
"1997-01-01T00:00+00:00",808.4,9.7,7181280,46.639347,13.888539
"1998-01-01T00:00+00:00",1125.9,9.8,7054920,46.639347,13.888539
"1999-01-01T00:00+00:00",1221.5,9.7,6392520,46.639347,13.888539
"2000-01-01T00:00+00:00",1283.3,10.6,7279200,46.639347,13.888539
"2001-01-01T00:00+00:00",896.7,10.1,7182720,46.639347,13.888539
"2002-01-01T00:00+00:00",1041.6,10.7,6599160,46.639347,13.888539
"2003-01-01T00:00+00:00",965.6,10.3,7770240,46.639347,13.888539
"2004-01-01T00:00+00:00",1196.5,9.5,6639480,46.639347,13.888539
"2005-01-01T00:00+00:00",1203.7,9.3,6865560,46.639347,13.888539
"2006-01-01T00:00+00:00",905.9,9.8,6999840,46.639347,13.888539
"2007-01-01T00:00+00:00",958.7,10.8,7842240,46.639347,13.888539
"2008-01-01T00:00+00:00",1307,10.6,7287120,46.639347,13.888539
"2009-01-01T00:00+00:00",1257.5,10.4,7697160,46.639347,13.888539
"2010-01-01T00:00+00:00",1354.7,9.7,6960960,46.639347,13.888539
"2011-01-01T00:00+00:00",929.4,10.5,8120520,46.639347,13.888539
"2012-01-01T00:00+00:00",1256.9,10.6,7984080,46.639347,13.888539
"2013-01-01T00:00+00:00",1157.1,10.5,6748200,46.639347,13.888539
"2014-01-01T00:00+00:00",1514.3,11.4,6670440,46.639347,13.888539
"2015-01-01T00:00+00:00",1006.4,10.9,8201880,46.639347,13.888539
"2016-01-01T00:00+00:00",1400.5,10.9,7699320,46.639347,13.888539
"2017-01-01T00:00+00:00",1247.9,10.7,8090640,46.639347,13.888539
"2018-01-01T00:00+00:00",1039.9,11.4,7281000,46.639347,13.888539
"2019-01-01T00:00+00:00",1255.6,11.5,7474680,46.639347,13.888539
"2020-01-01T00:00+00:00",1277.1,11,7178040,46.639347,13.888539
"2021-01-01T00:00+00:00",1065,10.1,7417080,46.639347,13.888539
"2022-01-01T00:00+00:00",988.3,11.4,7869600,46.639347,13.888539
"2023-01-01T00:00+00:00",1499.2,11.4,7056360,46.639347,13.888539
"2024-01-01T00:00+00:00",1166.9,11.9,6851880,46.639347,13.888539
"2025-01-01T00:00+00:00",568.4,13.1,5160600,46.639347,13.888539
"time","RR..kg.m.2.","TM..degree_Celsius.","SA..s.","lat","lon"
"1991-01-01T00:00+00:00",840.6,9.2,6086520,48.20603,16.234104
"1992-01-01T00:00+00:00",677.4,10.7,6855120,48.20603,16.234104
"1993-01-01T00:00+00:00",732.5,9.6,6594480,48.20603,16.234104
"1994-01-01T00:00+00:00",732.6,11.1,6835680,48.20603,16.234104
"1995-01-01T00:00+00:00",860.5,10,6112800,48.20603,16.234104
"1996-01-01T00:00+00:00",806,8.6,5925960,48.20603,16.234104
"1997-01-01T00:00+00:00",962.2,9.7,6884280,48.20603,16.234104
"1998-01-01T00:00+00:00",755.5,10.4,6458760,48.20603,16.234104
"1999-01-01T00:00+00:00",825.6,10.4,6523200,48.20603,16.234104
"2000-01-01T00:00+00:00",581.3,11.4,7006680,48.20603,16.234104
"2001-01-01T00:00+00:00",635.2,10.3,6324840,48.20603,16.234104
"2002-01-01T00:00+00:00",963.4,10.9,6688440,48.20603,16.234104
"2003-01-01T00:00+00:00",487.6,10.6,7876800,48.20603,16.234104
"2004-01-01T00:00+00:00",843.4,10.1,6545160,48.20603,16.234104
"2005-01-01T00:00+00:00",826.5,9.8,7000560,48.20603,16.234104
"2006-01-01T00:00+00:00",787.6,10.4,7386120,48.20603,16.234104
"2007-01-01T00:00+00:00",1004.6,11.4,7291440,48.20603,16.234104
"2008-01-01T00:00+00:00",820.1,11.1,6766200,48.20603,16.234104
"2009-01-01T00:00+00:00",1045.2,10.7,6835680,48.20603,16.234104
"2010-01-01T00:00+00:00",901.8,9.5,6230160,48.20603,16.234104
"2011-01-01T00:00+00:00",629.6,10.6,7539120,48.20603,16.234104
"2012-01-01T00:00+00:00",696.8,11,7330680,48.20603,16.234104
"2013-01-01T00:00+00:00",824.3,10.6,6613560,48.20603,16.234104
"2014-01-01T00:00+00:00",900.3,11.7,6501960,48.20603,16.234104
"2015-01-01T00:00+00:00",630.9,11.7,7016040,48.20603,16.234104
"2016-01-01T00:00+00:00",854.1,11.1,6881040,48.20603,16.234104
"2017-01-01T00:00+00:00",730.6,11.1,7233840,48.20603,16.234104
"2018-01-01T00:00+00:00",799.6,12,7367040,48.20603,16.234104
"2019-01-01T00:00+00:00",733.7,12,7277760,48.20603,16.234104
"2020-01-01T00:00+00:00",836.2,11.4,6892560,48.20603,16.234104
"2021-01-01T00:00+00:00",654.4,10.8,6978240,48.20603,16.234104
"2022-01-01T00:00+00:00",541.1,11.7,7162200,48.20603,16.234104
"2023-01-01T00:00+00:00",868.4,12.2,6656040,48.20603,16.234104
"2024-01-01T00:00+00:00",916.3,12.7,7029000,48.20603,16.234104
"2025-01-01T00:00+00:00",387.6,12.1,5210280,48.20603,16.234104
"time","RR..kg.m.2.","TM..degree_Celsius.","SA..s.","lat","lon"
"1991-01-01T00:00+00:00",572.9,10.3,6260400,48.25511,16.425571
"1992-01-01T00:00+00:00",514.9,11.7,6970320,48.25511,16.425571
"1993-01-01T00:00+00:00",557.7,10.6,6782040,48.25511,16.425571
"1994-01-01T00:00+00:00",528,12.2,7032240,48.25511,16.425571
"1995-01-01T00:00+00:00",682.3,11,6370560,48.25511,16.425571
"1996-01-01T00:00+00:00",643.1,9.6,6219720,48.25511,16.425571
"1997-01-01T00:00+00:00",657.4,10.7,7093800,48.25511,16.425571
"1998-01-01T00:00+00:00",587,11.4,6700680,48.25511,16.425571
"1999-01-01T00:00+00:00",622.1,11.4,6648480,48.25511,16.425571
"2000-01-01T00:00+00:00",491.6,12.4,7283880,48.25511,16.425571
"2001-01-01T00:00+00:00",485.7,11.3,6510240,48.25511,16.425571
"2002-01-01T00:00+00:00",739.1,12,6908040,48.25511,16.425571
"2003-01-01T00:00+00:00",404.7,11.7,8037720,48.25511,16.425571
"2004-01-01T00:00+00:00",581.1,11.1,6697440,48.25511,16.425571
"2005-01-01T00:00+00:00",551.2,11,7255080,48.25511,16.425571
"2006-01-01T00:00+00:00",598.5,11.5,7516440,48.25511,16.425571
"2007-01-01T00:00+00:00",773.6,12.5,7580160,48.25511,16.425571
"2008-01-01T00:00+00:00",608.1,12.2,7009920,48.25511,16.425571
"2009-01-01T00:00+00:00",741.7,11.9,7014960,48.25511,16.425571
"2010-01-01T00:00+00:00",746.1,10.6,6453720,48.25511,16.425571
"2011-01-01T00:00+00:00",458.4,11.8,7740720,48.25511,16.425571
"2012-01-01T00:00+00:00",530.7,12.1,7603200,48.25511,16.425571
"2013-01-01T00:00+00:00",631.2,11.6,6801840,48.25511,16.425571
"2014-01-01T00:00+00:00",711.7,12.7,6828120,48.25511,16.425571
"2015-01-01T00:00+00:00",461.2,12.7,7253280,48.25511,16.425571
"2016-01-01T00:00+00:00",657.9,12.1,7191720,48.25511,16.425571
"2017-01-01T00:00+00:00",533.9,12.3,7484400,48.25511,16.425571
"2018-01-01T00:00+00:00",630.1,13.1,7586280,48.25511,16.425571
"2019-01-01T00:00+00:00",576.1,13.1,7452720,48.25511,16.425571
"2020-01-01T00:00+00:00",645.2,12.5,7097760,48.25511,16.425571
"2021-01-01T00:00+00:00",525,11.8,7274880,48.25511,16.425571
"2022-01-01T00:00+00:00",416.5,12.8,7411680,48.25511,16.425571
"2023-01-01T00:00+00:00",719.7,13.2,6894000,48.25511,16.425571
"2024-01-01T00:00+00:00",735.1,13.8,7335720,48.25511,16.425571
"2025-01-01T00:00+00:00",284.1,13.3,5385240,48.25511,16.425571
"time","RR..kg.m.2.","TM..degree_Celsius.","SA..s.","lat","lon"
"1991-01-01T00:00+00:00",643.8,10.9,6273360,48.19396,16.354607
"1992-01-01T00:00+00:00",562.2,12.3,6965280,48.19396,16.354607
"1993-01-01T00:00+00:00",600.3,11.3,6771240,48.19396,16.354607
"1994-01-01T00:00+00:00",581.3,12.8,6994800,48.19396,16.354607
"1995-01-01T00:00+00:00",721.8,11.5,6356880,48.19396,16.354607
"1996-01-01T00:00+00:00",677.5,10.2,6191280,48.19396,16.354607
"1997-01-01T00:00+00:00",736.2,11.3,7024680,48.19396,16.354607
"1998-01-01T00:00+00:00",638,12,6746040,48.19396,16.354607
"1999-01-01T00:00+00:00",668.6,12,6656040,48.19396,16.354607
"2000-01-01T00:00+00:00",503.5,12.9,7288560,48.19396,16.354607
"2001-01-01T00:00+00:00",518.6,11.8,6594120,48.19396,16.354607
"2002-01-01T00:00+00:00",778.7,12.6,6815160,48.19396,16.354607
"2003-01-01T00:00+00:00",418.4,12.3,8044920,48.19396,16.354607
"2004-01-01T00:00+00:00",640.9,11.7,6657840,48.19396,16.354607
"2005-01-01T00:00+00:00",614.2,11.6,7266240,48.19396,16.354607
"2006-01-01T00:00+00:00",646.2,12.1,7558920,48.19396,16.354607
"2007-01-01T00:00+00:00",820,13,7524360,48.19396,16.354607
"2008-01-01T00:00+00:00",656.9,12.7,6978960,48.19396,16.354607
"2009-01-01T00:00+00:00",841.2,12.4,6973200,48.19396,16.354607
"2010-01-01T00:00+00:00",779.9,11.2,6423840,48.19396,16.354607
"2011-01-01T00:00+00:00",505,12.4,7719480,48.19396,16.354607
"2012-01-01T00:00+00:00",575.9,12.7,7565760,48.19396,16.354607
"2013-01-01T00:00+00:00",685.6,12.1,6776640,48.19396,16.354607
"2014-01-01T00:00+00:00",734.1,13.3,6674040,48.19396,16.354607
"2015-01-01T00:00+00:00",495.4,13.3,7322040,48.19396,16.354607
"2016-01-01T00:00+00:00",698.9,12.7,7171560,48.19396,16.354607
"2017-01-01T00:00+00:00",576.3,12.8,7451280,48.19396,16.354607
"2018-01-01T00:00+00:00",669,13.7,7507080,48.19396,16.354607
"2019-01-01T00:00+00:00",617.3,13.6,7398720,48.19396,16.354607
"2020-01-01T00:00+00:00",681.6,13.1,7010280,48.19396,16.354607
"2021-01-01T00:00+00:00",548.3,12.4,7271280,48.19396,16.354607
"2022-01-01T00:00+00:00",446.1,13.5,7340760,48.19396,16.354607
"2023-01-01T00:00+00:00",747.7,13.9,6864480,48.19396,16.354607
"2024-01-01T00:00+00:00",780.5,14.4,7299000,48.19396,16.354607
"2025-01-01T00:00+00:00",309.2,13.9,5293440,48.19396,16.354607
"time","RR..kg.m.2.","TM..degree_Celsius.","SA..s.","lat","lon"
"1991-01-01T00:00+00:00",575.5,10.2,6195600,48.210526,16.409447
"1992-01-01T00:00+00:00",514.2,11.6,6966000,48.210526,16.409447
"1993-01-01T00:00+00:00",553.7,10.6,6710400,48.210526,16.409447
"1994-01-01T00:00+00:00",524.9,12.2,7005240,48.210526,16.409447
"1995-01-01T00:00+00:00",676.4,10.9,6328080,48.210526,16.409447
"1996-01-01T00:00+00:00",637.4,9.6,6130440,48.210526,16.409447
"1997-01-01T00:00+00:00",655.6,10.6,7068600,48.210526,16.409447
"1998-01-01T00:00+00:00",579.7,11.4,6673680,48.210526,16.409447
"1999-01-01T00:00+00:00",620.2,11.4,6643080,48.210526,16.409447
"2000-01-01T00:00+00:00",487.8,12.3,7264440,48.210526,16.409447
"2001-01-01T00:00+00:00",481,11.2,6511680,48.210526,16.409447
"2002-01-01T00:00+00:00",731.3,12,6841440,48.210526,16.409447
"2003-01-01T00:00+00:00",401.1,11.6,7997760,48.210526,16.409447
"2004-01-01T00:00+00:00",578.8,11,6671160,48.210526,16.409447
"2005-01-01T00:00+00:00",552,10.9,7220880,48.210526,16.409447
"2006-01-01T00:00+00:00",593.1,11.4,7507080,48.210526,16.409447
"2007-01-01T00:00+00:00",768.5,12.4,7515000,48.210526,16.409447
"2008-01-01T00:00+00:00",607.9,12.1,6969960,48.210526,16.409447
"2009-01-01T00:00+00:00",741.2,11.8,6969600,48.210526,16.409447
"2010-01-01T00:00+00:00",737.6,10.5,6424200,48.210526,16.409447
"2011-01-01T00:00+00:00",455,11.7,7679160,48.210526,16.409447
"2012-01-01T00:00+00:00",528.3,12,7550640,48.210526,16.409447
"2013-01-01T00:00+00:00",627.5,11.5,6754680,48.210526,16.409447
"2014-01-01T00:00+00:00",704.5,12.6,6705360,48.210526,16.409447
"2015-01-01T00:00+00:00",459.3,12.6,7181640,48.210526,16.409447
"2016-01-01T00:00+00:00",653.8,12.1,7127280,48.210526,16.409447
"2017-01-01T00:00+00:00",531.9,12.2,7406280,48.210526,16.409447
"2018-01-01T00:00+00:00",626,13,7505280,48.210526,16.409447
"2019-01-01T00:00+00:00",568.4,13,7392960,48.210526,16.409447
"2020-01-01T00:00+00:00",637.4,12.4,7079760,48.210526,16.409447
"2021-01-01T00:00+00:00",519.8,11.7,7229160,48.210526,16.409447
"2022-01-01T00:00+00:00",413.5,12.8,7359840,48.210526,16.409447
"2023-01-01T00:00+00:00",714.4,13.1,6847200,48.210526,16.409447
"2024-01-01T00:00+00:00",726,13.7,7276680,48.210526,16.409447
"2025-01-01T00:00+00:00",284.2,13.2,5304960,48.210526,16.409447
"time","RR..kg.m.2.","TM..degree_Celsius.","SA..s.","lat","lon"
"1991-01-01T00:00+00:00",579.7,9.4,6108480,48.345707,16.403975
"1992-01-01T00:00+00:00",530.6,10.8,6734520,48.345707,16.403975
"1993-01-01T00:00+00:00",572.3,9.7,6634440,48.345707,16.403975
"1994-01-01T00:00+00:00",547.6,11.3,6856200,48.345707,16.403975
"1995-01-01T00:00+00:00",699,10,6191280,48.345707,16.403975
"1996-01-01T00:00+00:00",666.8,8.7,6153840,48.345707,16.403975
"1997-01-01T00:00+00:00",686.1,9.8,6875640,48.345707,16.403975
"1998-01-01T00:00+00:00",621,10.5,6582600,48.345707,16.403975
"1999-01-01T00:00+00:00",623,10.5,6530400,48.345707,16.403975
"2000-01-01T00:00+00:00",500.1,11.4,7150680,48.345707,16.403975
"2001-01-01T00:00+00:00",518.1,10.4,6334920,48.345707,16.403975
"2002-01-01T00:00+00:00",753.3,11.1,6810840,48.345707,16.403975
"2003-01-01T00:00+00:00",404.5,10.7,7977960,48.345707,16.403975
"2004-01-01T00:00+00:00",591.3,10.2,6593400,48.345707,16.403975
"2005-01-01T00:00+00:00",571.4,10,7196400,48.345707,16.403975
"2006-01-01T00:00+00:00",631.3,10.5,7354440,48.345707,16.403975
"2007-01-01T00:00+00:00",764.6,11.5,7496640,48.345707,16.403975
"2008-01-01T00:00+00:00",609.4,11.2,6934680,48.345707,16.403975
"2009-01-01T00:00+00:00",778.8,10.8,6937920,48.345707,16.403975
"2010-01-01T00:00+00:00",780.4,9.6,6340680,48.345707,16.403975
"2011-01-01T00:00+00:00",489.3,10.9,7659360,48.345707,16.403975
"2012-01-01T00:00+00:00",541.2,11.1,7526160,48.345707,16.403975
"2013-01-01T00:00+00:00",657.2,10.6,6658200,48.345707,16.403975
"2014-01-01T00:00+00:00",712.5,11.7,6574680,48.345707,16.403975
"2015-01-01T00:00+00:00",467,11.8,7152840,48.345707,16.403975
"2016-01-01T00:00+00:00",668.5,11.2,7151400,48.345707,16.403975
"2017-01-01T00:00+00:00",543.6,11.3,7395480,48.345707,16.403975
"2018-01-01T00:00+00:00",627.3,12.2,7571520,48.345707,16.403975
"2019-01-01T00:00+00:00",616.1,12.1,7424640,48.345707,16.403975
"2020-01-01T00:00+00:00",667.1,11.6,7015680,48.345707,16.403975
"2021-01-01T00:00+00:00",534.7,10.8,7133040,48.345707,16.403975
"2022-01-01T00:00+00:00",439.4,11.9,7268400,48.345707,16.403975
"2023-01-01T00:00+00:00",726.3,12.3,6774840,48.345707,16.403975
"2024-01-01T00:00+00:00",767.8,12.8,7210080,48.345707,16.403975
"2025-01-01T00:00+00:00",303.3,12.3,5358960,48.345707,16.403975
"time","RR..kg.m.2.","TM..degree_Celsius.","SA..s.","lat","lon"
"1991-01-01T00:00+00:00",554.4,10.1,6236280,48.227066,16.464323
"1992-01-01T00:00+00:00",482.8,11.5,6963120,48.227066,16.464323
"1993-01-01T00:00+00:00",530.3,10.4,6769440,48.227066,16.464323
"1994-01-01T00:00+00:00",494,12,7030440,48.227066,16.464323
"1995-01-01T00:00+00:00",658.2,10.8,6350040,48.227066,16.464323
"1996-01-01T00:00+00:00",624,9.5,6234480,48.227066,16.464323
"1997-01-01T00:00+00:00",623.5,10.5,7108560,48.227066,16.464323
"1998-01-01T00:00+00:00",543.8,11.3,6709320,48.227066,16.464323
"1999-01-01T00:00+00:00",606.7,11.3,6632640,48.227066,16.464323
"2000-01-01T00:00+00:00",489.3,12.2,7315200,48.227066,16.464323
"2001-01-01T00:00+00:00",474.5,11.1,6517800,48.227066,16.464323
"2002-01-01T00:00+00:00",729.3,11.8,6899040,48.227066,16.464323
"2003-01-01T00:00+00:00",399.7,11.5,8075880,48.227066,16.464323
"2004-01-01T00:00+00:00",557.3,10.9,6706080,48.227066,16.464323
"2005-01-01T00:00+00:00",544.6,10.8,7273800,48.227066,16.464323
"2006-01-01T00:00+00:00",563,11.3,7489800,48.227066,16.464323
"2007-01-01T00:00+00:00",764.9,12.3,7590960,48.227066,16.464323
"2008-01-01T00:00+00:00",600.4,12,7044480,48.227066,16.464323
"2009-01-01T00:00+00:00",666.5,11.7,7054560,48.227066,16.464323
"2010-01-01T00:00+00:00",716.4,10.4,6479640,48.227066,16.464323
"2011-01-01T00:00+00:00",433.6,11.6,7763400,48.227066,16.464323
"2012-01-01T00:00+00:00",502.9,11.9,7597440,48.227066,16.464323
"2013-01-01T00:00+00:00",589.6,11.4,6785640,48.227066,16.464323
"2014-01-01T00:00+00:00",726.8,12.5,6796800,48.227066,16.464323
"2015-01-01T00:00+00:00",452.1,12.5,7287120,48.227066,16.464323
"2016-01-01T00:00+00:00",642.7,11.9,7207560,48.227066,16.464323
"2017-01-01T00:00+00:00",528.8,12.1,7522560,48.227066,16.464323
"2018-01-01T00:00+00:00",611.2,12.9,7592040,48.227066,16.464323
"2019-01-01T00:00+00:00",534,12.9,7471080,48.227066,16.464323
"2020-01-01T00:00+00:00",637.6,12.3,7137360,48.227066,16.464323
"2021-01-01T00:00+00:00",516.8,11.6,7311960,48.227066,16.464323
"2022-01-01T00:00+00:00",402,12.6,7404840,48.227066,16.464323
"2023-01-01T00:00+00:00",697.6,13,6882480,48.227066,16.464323
"2024-01-01T00:00+00:00",701.9,13.6,7368480,48.227066,16.464323
"2025-01-01T00:00+00:00",281.7,13.1,5398920,48.227066,16.464323
"time","RR..kg.m.2.","TM..degree_Celsius.","SA..s.","lat","lon"
"1991-01-01T00:00+00:00",770.8,9.6,6266160,48.17805,16.27292
"1992-01-01T00:00+00:00",627.6,11,6930360,48.17805,16.27292
"1993-01-01T00:00+00:00",672.1,10,6760080,48.17805,16.27292
"1994-01-01T00:00+00:00",667.1,11.5,6915240,48.17805,16.27292
"1995-01-01T00:00+00:00",790.6,10.3,6288840,48.17805,16.27292
"1996-01-01T00:00+00:00",742.6,8.9,6099840,48.17805,16.27292
"1997-01-01T00:00+00:00",870.2,10,6990120,48.17805,16.27292
"1998-01-01T00:00+00:00",693.8,10.7,6636240,48.17805,16.27292
"1999-01-01T00:00+00:00",758.7,10.7,6607800,48.17805,16.27292
"2000-01-01T00:00+00:00",545.8,11.7,7156440,48.17805,16.27292
"2001-01-01T00:00+00:00",585.4,10.7,6491520,48.17805,16.27292
"2002-01-01T00:00+00:00",881.1,11.3,6760440,48.17805,16.27292
"2003-01-01T00:00+00:00",454.6,11,8059680,48.17805,16.27292
"2004-01-01T00:00+00:00",764.9,10.4,6627240,48.17805,16.27292
"2005-01-01T00:00+00:00",755.2,10.2,7198560,48.17805,16.27292
"2006-01-01T00:00+00:00",721.1,10.8,7502400,48.17805,16.27292
"2007-01-01T00:00+00:00",925.4,11.8,7502040,48.17805,16.27292
"2008-01-01T00:00+00:00",751.7,11.4,6904080,48.17805,16.27292
"2009-01-01T00:00+00:00",954.4,11,6945480,48.17805,16.27292
"2010-01-01T00:00+00:00",834.7,9.9,6362280,48.17805,16.27292
"2011-01-01T00:00+00:00",577.6,11.1,7706520,48.17805,16.27292
"2012-01-01T00:00+00:00",644.3,11.3,7506720,48.17805,16.27292
"2013-01-01T00:00+00:00",759.5,10.9,6751800,48.17805,16.27292
"2014-01-01T00:00+00:00",826.4,12,6600600,48.17805,16.27292
"2015-01-01T00:00+00:00",579.9,12.1,7242480,48.17805,16.27292
"2016-01-01T00:00+00:00",786.6,11.4,7069320,48.17805,16.27292
"2017-01-01T00:00+00:00",667.8,11.5,7437600,48.17805,16.27292
"2018-01-01T00:00+00:00",740.1,12.4,7495560,48.17805,16.27292
"2019-01-01T00:00+00:00",677.6,12.3,7363800,48.17805,16.27292
"2020-01-01T00:00+00:00",766,11.7,7020720,48.17805,16.27292
"2021-01-01T00:00+00:00",605.1,11.1,7203600,48.17805,16.27292
"2022-01-01T00:00+00:00",497.2,12.1,7332840,48.17805,16.27292
"2023-01-01T00:00+00:00",808.2,12.5,6774120,48.17805,16.27292
"2024-01-01T00:00+00:00",843.3,13.1,7164000,48.17805,16.27292
"2025-01-01T00:00+00:00",357.9,12.5,5265000,48.17805,16.27292
"time","RR..kg.m.2.","TM..degree_Celsius.","SA..s.","lat","lon"
"1991-01-01T00:00+00:00",728.6,9.7,6181920,48.257576,16.33135
"1992-01-01T00:00+00:00",657.8,11.1,6838920,48.257576,16.33135
"1993-01-01T00:00+00:00",700.7,10.1,6750720,48.257576,16.33135
"1994-01-01T00:00+00:00",681.6,11.6,6973200,48.257576,16.33135
"1995-01-01T00:00+00:00",841.3,10.3,6274440,48.257576,16.33135
"1996-01-01T00:00+00:00",782,9,6126480,48.257576,16.33135
"1997-01-01T00:00+00:00",857.9,10.1,6999840,48.257576,16.33135
"1998-01-01T00:00+00:00",737.7,10.8,6691320,48.257576,16.33135
"1999-01-01T00:00+00:00",778.1,10.8,6612120,48.257576,16.33135
"2000-01-01T00:00+00:00",584.3,11.7,7184160,48.257576,16.33135
"2001-01-01T00:00+00:00",600.1,10.6,6463800,48.257576,16.33135
"2002-01-01T00:00+00:00",897.4,11.4,6782040,48.257576,16.33135
"2003-01-01T00:00+00:00",483.7,11,7935120,48.257576,16.33135
"2004-01-01T00:00+00:00",754,10.5,6599880,48.257576,16.33135
"2005-01-01T00:00+00:00",707,10.3,7197840,48.257576,16.33135
"2006-01-01T00:00+00:00",754.3,10.8,7555320,48.257576,16.33135
"2007-01-01T00:00+00:00",947,11.8,7513560,48.257576,16.33135
"2008-01-01T00:00+00:00",749.2,11.4,6960240,48.257576,16.33135
"2009-01-01T00:00+00:00",989.7,11.1,6934680,48.257576,16.33135
"2010-01-01T00:00+00:00",900.4,9.9,6394680,48.257576,16.33135
"2011-01-01T00:00+00:00",576,11.2,7686360,48.257576,16.33135
"2012-01-01T00:00+00:00",668.5,11.4,7527960,48.257576,16.33135
"2013-01-01T00:00+00:00",800.7,10.9,6774480,48.257576,16.33135
"2014-01-01T00:00+00:00",832.9,12,6647040,48.257576,16.33135
"2015-01-01T00:00+00:00",577.1,12.1,7192440,48.257576,16.33135
"2016-01-01T00:00+00:00",810.2,11.5,7065720,48.257576,16.33135
"2017-01-01T00:00+00:00",662.3,11.6,7417800,48.257576,16.33135
"2018-01-01T00:00+00:00",778.3,12.5,7509600,48.257576,16.33135
"2019-01-01T00:00+00:00",732.1,12.4,7367040,48.257576,16.33135
"2020-01-01T00:00+00:00",776.3,11.9,6975360,48.257576,16.33135
"2021-01-01T00:00+00:00",638.6,11.1,7198560,48.257576,16.33135
"2022-01-01T00:00+00:00",514.5,12.3,7317000,48.257576,16.33135
"2023-01-01T00:00+00:00",872.1,12.6,6820200,48.257576,16.33135
"2024-01-01T00:00+00:00",898.9,13.1,7223040,48.257576,16.33135
"2025-01-01T00:00+00:00",349.5,12.7,5210280,48.257576,16.33135
"time","RR..kg.m.2.","TM..degree_Celsius.","SA..s.","lat","lon"
"1991-01-01T00:00+00:00",781.3,8.9,6105240,48.25827,16.304428
"1992-01-01T00:00+00:00",686.2,10.3,6777000,48.25827,16.304428
"1993-01-01T00:00+00:00",738,9.3,6663600,48.25827,16.304428
"1994-01-01T00:00+00:00",720,10.9,6895440,48.25827,16.304428
"1995-01-01T00:00+00:00",878.6,9.6,6161760,48.25827,16.304428
"1996-01-01T00:00+00:00",820.3,8.2,6023880,48.25827,16.304428
"1997-01-01T00:00+00:00",918,9.4,6901200,48.25827,16.304428
"1998-01-01T00:00+00:00",773.8,10.1,6566040,48.25827,16.304428
"1999-01-01T00:00+00:00",822.7,10.1,6518160,48.25827,16.304428
"2000-01-01T00:00+00:00",608.4,11,7059960,48.25827,16.304428
"2001-01-01T00:00+00:00",631.6,9.9,6348600,48.25827,16.304428
"2002-01-01T00:00+00:00",947.1,10.7,6678000,48.25827,16.304428
"2003-01-01T00:00+00:00",505.4,10.3,7871760,48.25827,16.304428
"2004-01-01T00:00+00:00",803.6,9.7,6517440,48.25827,16.304428
"2005-01-01T00:00+00:00",762.8,9.5,7086240,48.25827,16.304428
"2006-01-01T00:00+00:00",795.2,10.1,7437960,48.25827,16.304428
"2007-01-01T00:00+00:00",998.5,11,7413120,48.25827,16.304428
"2008-01-01T00:00+00:00",793.5,10.7,6850440,48.25827,16.304428
"2009-01-01T00:00+00:00",1046.3,10.3,6852240,48.25827,16.304428
"2010-01-01T00:00+00:00",941.8,9.2,6311880,48.25827,16.304428
"2011-01-01T00:00+00:00",612,10.4,7607880,48.25827,16.304428
"2012-01-01T00:00+00:00",704.3,10.6,7457040,48.25827,16.304428
"2013-01-01T00:00+00:00",838.5,10.1,6701400,48.25827,16.304428
"2014-01-01T00:00+00:00",883.8,11.3,6539400,48.25827,16.304428
"2015-01-01T00:00+00:00",610.9,11.4,7064280,48.25827,16.304428
"2016-01-01T00:00+00:00",853.7,10.7,6946920,48.25827,16.304428
"2017-01-01T00:00+00:00",702.9,10.8,7325280,48.25827,16.304428
"2018-01-01T00:00+00:00",817.1,11.7,7431480,48.25827,16.304428
"2019-01-01T00:00+00:00",765.8,11.6,7286760,48.25827,16.304428
"2020-01-01T00:00+00:00",823.2,11.1,6923160,48.25827,16.304428
"2021-01-01T00:00+00:00",672.6,10.4,7093440,48.25827,16.304428
"2022-01-01T00:00+00:00",541.1,11.5,7244280,48.25827,16.304428
"2023-01-01T00:00+00:00",906.2,11.9,6723360,48.25827,16.304428
"2024-01-01T00:00+00:00",941,12.3,7113240,48.25827,16.304428
"2025-01-01T00:00+00:00",374.4,11.9,5163840,48.25827,16.304428
"time","RR..kg.m.2.","TM..degree_Celsius.","SA..s.","lat","lon"
"1991-01-01T00:00+00:00",702.2,10,6081840,48.29388,16.31996
"1992-01-01T00:00+00:00",635.4,11.4,6804720,48.29388,16.31996
"1993-01-01T00:00+00:00",680.8,10.3,6627960,48.29388,16.31996
"1994-01-01T00:00+00:00",660.7,11.9,6810120,48.29388,16.31996
"1995-01-01T00:00+00:00",820.5,10.7,6165360,48.29388,16.31996
"1996-01-01T00:00+00:00",774.6,9.3,6035400,48.29388,16.31996
"1997-01-01T00:00+00:00",828.4,10.4,6893640,48.29388,16.31996
"1998-01-01T00:00+00:00",723.8,11.1,6568200,48.29388,16.31996
"1999-01-01T00:00+00:00",749.2,11.1,6548760,48.29388,16.31996
"2000-01-01T00:00+00:00",573,12.1,7048080,48.29388,16.31996
"2001-01-01T00:00+00:00",596.9,11,6337440,48.29388,16.31996
"2002-01-01T00:00+00:00",888.1,11.7,6739560,48.29388,16.31996
"2003-01-01T00:00+00:00",474.2,11.4,7870320,48.29388,16.31996
"2004-01-01T00:00+00:00",720.6,10.8,6552720,48.29388,16.31996
"2005-01-01T00:00+00:00",686.8,10.6,7052040,48.29388,16.31996
"2006-01-01T00:00+00:00",740.8,11.2,7421400,48.29388,16.31996
"2007-01-01T00:00+00:00",919.9,12.2,7331040,48.29388,16.31996
"2008-01-01T00:00+00:00",727.5,11.8,6798960,48.29388,16.31996
"2009-01-01T00:00+00:00",954.4,11.5,6809400,48.29388,16.31996
"2010-01-01T00:00+00:00",892.1,10.3,6257880,48.29388,16.31996
"2011-01-01T00:00+00:00",568.7,11.5,7577640,48.29388,16.31996
"2012-01-01T00:00+00:00",647.5,11.8,7345080,48.29388,16.31996
"2013-01-01T00:00+00:00",778.1,11.2,6608520,48.29388,16.31996
"2014-01-01T00:00+00:00",823.5,12.4,6521400,48.29388,16.31996
"2015-01-01T00:00+00:00",560.9,12.4,7003440,48.29388,16.31996
"2016-01-01T00:00+00:00",794.9,11.8,6926400,48.29388,16.31996
"2017-01-01T00:00+00:00",650.2,12,7239960,48.29388,16.31996
"2018-01-01T00:00+00:00",754.2,12.8,7393680,48.29388,16.31996
"2019-01-01T00:00+00:00",716.7,12.8,7241040,48.29388,16.31996
"2020-01-01T00:00+00:00",775.8,12.2,6894360,48.29388,16.31996
"2021-01-01T00:00+00:00",627.8,11.5,6983640,48.29388,16.31996
"2022-01-01T00:00+00:00",510.2,12.6,7125480,48.29388,16.31996
"2023-01-01T00:00+00:00",849.4,13,6670800,48.29388,16.31996
"2024-01-01T00:00+00:00",898.8,13.5,7069320,48.29388,16.31996
"2025-01-01T00:00+00:00",347.2,13,5266080,48.29388,16.31996
"time","RR..kg.m.2.","TM..degree_Celsius.","SA..s.","lat","lon"
"1991-01-01T00:00+00:00",643.1,10.6,6261120,48.18497,16.354084
"1992-01-01T00:00+00:00",557.4,12,6968160,48.18497,16.354084
"1993-01-01T00:00+00:00",592.8,11,6762600,48.18497,16.354084
"1994-01-01T00:00+00:00",576,12.5,6980760,48.18497,16.354084
"1995-01-01T00:00+00:00",713.5,11.2,6345360,48.18497,16.354084
"1996-01-01T00:00+00:00",671.4,9.9,6183000,48.18497,16.354084
"1997-01-01T00:00+00:00",729,11,7019280,48.18497,16.354084
"1998-01-01T00:00+00:00",629.5,11.7,6737400,48.18497,16.354084
"1999-01-01T00:00+00:00",662.6,11.7,6649920,48.18497,16.354084
"2000-01-01T00:00+00:00",500.9,12.6,7286400,48.18497,16.354084
"2001-01-01T00:00+00:00",515.1,11.5,6584400,48.18497,16.354084
"2002-01-01T00:00+00:00",772.3,12.3,6810120,48.18497,16.354084
"2003-01-01T00:00+00:00",415.5,11.9,8056800,48.18497,16.354084
"2004-01-01T00:00+00:00",636.3,11.3,6663240,48.18497,16.354084
"2005-01-01T00:00+00:00",613.4,11.2,7264800,48.18497,16.354084
"2006-01-01T00:00+00:00",639.4,11.8,7555320,48.18497,16.354084
"2007-01-01T00:00+00:00",812.3,12.7,7521480,48.18497,16.354084
"2008-01-01T00:00+00:00",652.7,12.4,6980760,48.18497,16.354084
"2009-01-01T00:00+00:00",831.3,12.1,6984720,48.18497,16.354084
"2010-01-01T00:00+00:00",772,10.9,6419880,48.18497,16.354084
"2011-01-01T00:00+00:00",501.5,12.1,7719120,48.18497,16.354084
"2012-01-01T00:00+00:00",571,12.3,7552440,48.18497,16.354084
"2013-01-01T00:00+00:00",678.7,11.8,6775560,48.18497,16.354084
"2014-01-01T00:00+00:00",729.8,13,6657840,48.18497,16.354084
"2015-01-01T00:00+00:00",493.5,13,7313760,48.18497,16.354084
"2016-01-01T00:00+00:00",693.6,12.4,7170840,48.18497,16.354084
"2017-01-01T00:00+00:00",573.6,12.5,7450560,48.18497,16.354084
"2018-01-01T00:00+00:00",662.9,13.3,7503120,48.18497,16.354084
"2019-01-01T00:00+00:00",611.3,13.3,7404840,48.18497,16.354084
"2020-01-01T00:00+00:00",675.6,12.7,7021080,48.18497,16.354084
"2021-01-01T00:00+00:00",543.9,12,7266960,48.18497,16.354084
"2022-01-01T00:00+00:00",442.4,13.1,7337160,48.18497,16.354084
"2023-01-01T00:00+00:00",740.9,13.5,6855840,48.18497,16.354084
"2024-01-01T00:00+00:00",771.9,14.1,7287840,48.18497,16.354084
"2025-01-01T00:00+00:00",308.8,13.6,5297040,48.18497,16.354084
"time","RR..kg.m.2.","TM..degree_Celsius.","SA..s.","lat","lon"
"1991-01-01T00:00+00:00",684.9,10.5,6302520,48.221622,16.329273
"1992-01-01T00:00+00:00",599.5,11.9,6987960,48.221622,16.329273
"1993-01-01T00:00+00:00",643.4,10.9,6838200,48.221622,16.329273
"1994-01-01T00:00+00:00",626.5,12.4,7047000,48.221622,16.329273
"1995-01-01T00:00+00:00",767.2,11.2,6400440,48.221622,16.329273
"1996-01-01T00:00+00:00",714.8,9.8,6214680,48.221622,16.329273
"1997-01-01T00:00+00:00",800.3,10.9,7077600,48.221622,16.329273
"1998-01-01T00:00+00:00",678.1,11.6,6798960,48.221622,16.329273
"1999-01-01T00:00+00:00",714.8,11.6,6708600,48.221622,16.329273
"2000-01-01T00:00+00:00",529.7,12.6,7299000,48.221622,16.329273
"2001-01-01T00:00+00:00",550.9,11.4,6595920,48.221622,16.329273
"2002-01-01T00:00+00:00",826.3,12.2,6873480,48.221622,16.329273
"2003-01-01T00:00+00:00",440.8,11.8,8056800,48.221622,16.329273
"2004-01-01T00:00+00:00",696.6,11.3,6706440,48.221622,16.329273
"2005-01-01T00:00+00:00",659.2,11.1,7310520,48.221622,16.329273
"2006-01-01T00:00+00:00",689.4,11.7,7620840,48.221622,16.329273
"2007-01-01T00:00+00:00",870.4,12.6,7593120,48.221622,16.329273
"2008-01-01T00:00+00:00",696.2,12.3,7044480,48.221622,16.329273
"2009-01-01T00:00+00:00",909.6,12,7010280,48.221622,16.329273
"2010-01-01T00:00+00:00",821.9,10.8,6467400,48.221622,16.329273
"2011-01-01T00:00+00:00",534.2,12,7772760,48.221622,16.329273
"2012-01-01T00:00+00:00",614.9,12.2,7638120,48.221622,16.329273
"2013-01-01T00:00+00:00",731.1,11.7,6840720,48.221622,16.329273
"2014-01-01T00:00+00:00",773.9,12.9,6739200,48.221622,16.329273
"2015-01-01T00:00+00:00",529.9,12.9,7319520,48.221622,16.329273
"2016-01-01T00:00+00:00",741.2,12.3,7185600,48.221622,16.329273
"2017-01-01T00:00+00:00",611.4,12.4,7502760,48.221622,16.329273
"2018-01-01T00:00+00:00",713.2,13.3,7563960,48.221622,16.329273
"2019-01-01T00:00+00:00",662.7,13.2,7466400,48.221622,16.329273
"2020-01-01T00:00+00:00",717.2,12.7,7053840,48.221622,16.329273
"2021-01-01T00:00+00:00",584.9,12,7283160,48.221622,16.329273
"2022-01-01T00:00+00:00",471.4,13.1,7407720,48.221622,16.329273
"2023-01-01T00:00+00:00",790.7,13.4,6895080,48.221622,16.329273
"2024-01-01T00:00+00:00",821.5,14,7335000,48.221622,16.329273
"2025-01-01T00:00+00:00",325.9,13.5,5317560,48.221622,16.329273
"time","RR..kg.m.2.","TM..degree_Celsius.","SA..s.","lat","lon"
"1991-01-01T00:00+00:00",590,10.8,6221160,48.201893,16.395468
"1992-01-01T00:00+00:00",525.8,12.3,6981480,48.201893,16.395468
"1993-01-01T00:00+00:00",561.8,11.2,6734520,48.201893,16.395468
"1994-01-01T00:00+00:00",536.8,12.8,7019280,48.201893,16.395468
"1995-01-01T00:00+00:00",682.9,11.5,6346080,48.201893,16.395468
"1996-01-01T00:00+00:00",644.9,10.1,6139080,48.201893,16.395468
"1997-01-01T00:00+00:00",669.2,11.2,7063920,48.201893,16.395468
"1998-01-01T00:00+00:00",592.5,11.9,6714000,48.201893,16.395468
"1999-01-01T00:00+00:00",628.3,12,6659640,48.201893,16.395468
"2000-01-01T00:00+00:00",489.9,12.9,7273080,48.201893,16.395468
"2001-01-01T00:00+00:00",488.1,11.8,6537600,48.201893,16.395468
"2002-01-01T00:00+00:00",736.4,12.6,6831360,48.201893,16.395468
"2003-01-01T00:00+00:00",403.1,12.2,8011800,48.201893,16.395468
"2004-01-01T00:00+00:00",589.7,11.6,6674040,48.201893,16.395468
"2005-01-01T00:00+00:00",562.5,11.5,7239960,48.201893,16.395468
"2006-01-01T00:00+00:00",603.5,12.1,7537680,48.201893,16.395468
"2007-01-01T00:00+00:00",775.5,13,7509240,48.201893,16.395468
"2008-01-01T00:00+00:00",615.1,12.7,6974640,48.201893,16.395468
"2009-01-01T00:00+00:00",765.8,12.4,6975000,48.201893,16.395468
"2010-01-01T00:00+00:00",745,11.1,6419880,48.201893,16.395468
"2011-01-01T00:00+00:00",465.8,12.4,7705080,48.201893,16.395468
"2012-01-01T00:00+00:00",536.9,12.6,7557840,48.201893,16.395468
"2013-01-01T00:00+00:00",641,12.1,6747480,48.201893,16.395468
"2014-01-01T00:00+00:00",703.3,13.2,6701760,48.201893,16.395468
"2015-01-01T00:00+00:00",464.5,13.3,7224840,48.201893,16.395468
"2016-01-01T00:00+00:00",660.2,12.7,7122960,48.201893,16.395468
"2017-01-01T00:00+00:00",537.5,12.8,7424640,48.201893,16.395468
"2018-01-01T00:00+00:00",632.3,13.6,7491600,48.201893,16.395468
"2019-01-01T00:00+00:00",579.7,13.6,7395120,48.201893,16.395468
"2020-01-01T00:00+00:00",643.9,13,7066800,48.201893,16.395468
"2021-01-01T00:00+00:00",523.1,12.3,7242480,48.201893,16.395468
"2022-01-01T00:00+00:00",419.9,13.4,7362720,48.201893,16.395468
"2023-01-01T00:00+00:00",720.6,13.8,6850080,48.201893,16.395468
"2024-01-01T00:00+00:00",736.8,14.4,7286760,48.201893,16.395468
"2025-01-01T00:00+00:00",288,13.9,5314320,48.201893,16.395468
"time","RR..kg.m.2.","TM..degree_Celsius.","SA..s.","lat","lon"
"1991-01-01T00:00+00:00",622.4,11.2,6183360,48.193607,16.368052
"1992-01-01T00:00+00:00",549.7,12.6,6923160,48.193607,16.368052
"1993-01-01T00:00+00:00",585.2,11.6,6703200,48.193607,16.368052
"1994-01-01T00:00+00:00",563.9,13.1,6937560,48.193607,16.368052
"1995-01-01T00:00+00:00",705.9,11.8,6302520,48.193607,16.368052
"1996-01-01T00:00+00:00",663.8,10.4,6119280,48.193607,16.368052
"1997-01-01T00:00+00:00",710.2,11.6,6976800,48.193607,16.368052
"1998-01-01T00:00+00:00",623,12.2,6649200,48.193607,16.368052
"1999-01-01T00:00+00:00",649.8,12.2,6587280,48.193607,16.368052
"2000-01-01T00:00+00:00",495.7,13.2,7223760,48.193607,16.368052
"2001-01-01T00:00+00:00",506.8,12.1,6501960,48.193607,16.368052
"2002-01-01T00:00+00:00",757.7,12.9,6757200,48.193607,16.368052
"2003-01-01T00:00+00:00",409.6,12.5,7964280,48.193607,16.368052
"2004-01-01T00:00+00:00",618.3,11.9,6585480,48.193607,16.368052
"2005-01-01T00:00+00:00",591.3,11.8,7184880,48.193607,16.368052
"2006-01-01T00:00+00:00",630.1,12.4,7486560,48.193607,16.368052
"2007-01-01T00:00+00:00",799.4,13.3,7453080,48.193607,16.368052
"2008-01-01T00:00+00:00",640.3,13,6917040,48.193607,16.368052
"2009-01-01T00:00+00:00",815.9,12.7,6926400,48.193607,16.368052
"2010-01-01T00:00+00:00",767.1,11.5,6362640,48.193607,16.368052
"2011-01-01T00:00+00:00",492.3,12.7,7664040,48.193607,16.368052
"2012-01-01T00:00+00:00",560.4,12.9,7479360,48.193607,16.368052
"2013-01-01T00:00+00:00",668.9,12.3,6715080,48.193607,16.368052
"2014-01-01T00:00+00:00",717.6,13.5,6630120,48.193607,16.368052
"2015-01-01T00:00+00:00",481.1,13.6,7221960,48.193607,16.368052
"2016-01-01T00:00+00:00",679.7,13,7084440,48.193607,16.368052
"2017-01-01T00:00+00:00",558.5,13.1,7372080,48.193607,16.368052
"2018-01-01T00:00+00:00",652,13.9,7444800,48.193607,16.368052
"2019-01-01T00:00+00:00",603.3,13.9,7347600,48.193607,16.368052
"2020-01-01T00:00+00:00",666.5,13.3,6976080,48.193607,16.368052
"2021-01-01T00:00+00:00",536,12.6,7205760,48.193607,16.368052
"2022-01-01T00:00+00:00",435.1,13.7,7285680,48.193607,16.368052
"2023-01-01T00:00+00:00",733,14.1,6799680,48.193607,16.368052
"2024-01-01T00:00+00:00",765.9,14.7,7219800,48.193607,16.368052
"2025-01-01T00:00+00:00",301.9,14.2,5266440,48.193607,16.368052
"time","RR..kg.m.2.","TM..degree_Celsius.","SA..s.","lat","lon"
"1991-01-01T00:00+00:00",536.9,9.3,6185880,48.280884,15.712386
"1992-01-01T00:00+00:00",483.6,10.8,7003800,48.280884,15.712386
"1993-01-01T00:00+00:00",503.5,9.8,6549120,48.280884,15.712386
"1994-01-01T00:00+00:00",468.4,11.2,6907680,48.280884,15.712386
"1995-01-01T00:00+00:00",571.9,10.1,6095160,48.280884,15.712386
"1996-01-01T00:00+00:00",707.4,8.5,5869440,48.280884,15.712386
"1997-01-01T00:00+00:00",605.5,9.7,6773760,48.280884,15.712386
"1998-01-01T00:00+00:00",514.5,10.5,6399000,48.280884,15.712386
"1999-01-01T00:00+00:00",626,10.5,6523560,48.280884,15.712386
"2000-01-01T00:00+00:00",500.4,11.3,7023600,48.280884,15.712386
"2001-01-01T00:00+00:00",559,10.2,6201720,48.280884,15.712386
"2002-01-01T00:00+00:00",794.7,11,6692040,48.280884,15.712386
"2003-01-01T00:00+00:00",449.4,10.6,7941960,48.280884,15.712386
"2004-01-01T00:00+00:00",568.3,10.1,6621840,48.280884,15.712386
"2005-01-01T00:00+00:00",633.6,9.9,6887880,48.280884,15.712386
"2006-01-01T00:00+00:00",633.9,10.5,7074360,48.280884,15.712386
"2007-01-01T00:00+00:00",694.6,11.5,7217640,48.280884,15.712386
"2008-01-01T00:00+00:00",615.5,11.2,6719400,48.280884,15.712386
"2009-01-01T00:00+00:00",833.2,10.9,6625440,48.280884,15.712386
"2010-01-01T00:00+00:00",720.2,9.7,5972400,48.280884,15.712386
"2011-01-01T00:00+00:00",423.3,11,7188840,48.280884,15.712386
"2012-01-01T00:00+00:00",543.9,11,7173000,48.280884,15.712386
"2013-01-01T00:00+00:00",721.9,10.6,6351480,48.280884,15.712386
"2014-01-01T00:00+00:00",696.1,11.8,6318360,48.280884,15.712386
"2015-01-01T00:00+00:00",530.1,12,7037280,48.280884,15.712386
"2016-01-01T00:00+00:00",723.8,11.3,6838200,48.280884,15.712386
"2017-01-01T00:00+00:00",538.1,11.3,7143840,48.280884,15.712386
"2018-01-01T00:00+00:00",572.4,12.3,7376040,48.280884,15.712386
"2019-01-01T00:00+00:00",525.4,12.1,7299720,48.280884,15.712386
"2020-01-01T00:00+00:00",749.9,11.6,6859800,48.280884,15.712386
"2021-01-01T00:00+00:00",653.6,10.8,6788160,48.280884,15.712386
"2022-01-01T00:00+00:00",571.7,11.9,7048800,48.280884,15.712386
"2023-01-01T00:00+00:00",640.7,12.3,6692040,48.280884,15.712386
"2024-01-01T00:00+00:00",854.2,12.9,6890760,48.280884,15.712386
"2025-01-01T00:00+00:00",349.8,12.4,5158080,48.280884,15.712386
"time","RR..kg.m.2.","TM..degree_Celsius.","SA..s.","lat","lon"
"1991-01-01T00:00+00:00",590,10.8,6221160,48.201893,16.395468
"1992-01-01T00:00+00:00",525.8,12.3,6981480,48.201893,16.395468
"1993-01-01T00:00+00:00",561.8,11.2,6734520,48.201893,16.395468
"1994-01-01T00:00+00:00",536.8,12.8,7019280,48.201893,16.395468
"1995-01-01T00:00+00:00",682.9,11.5,6346080,48.201893,16.395468
"1996-01-01T00:00+00:00",644.9,10.1,6139080,48.201893,16.395468
"1997-01-01T00:00+00:00",669.2,11.2,7063920,48.201893,16.395468
"1998-01-01T00:00+00:00",592.5,11.9,6714000,48.201893,16.395468
"1999-01-01T00:00+00:00",628.3,12,6659640,48.201893,16.395468
"2000-01-01T00:00+00:00",489.9,12.9,7273080,48.201893,16.395468
"2001-01-01T00:00+00:00",488.1,11.8,6537600,48.201893,16.395468
"2002-01-01T00:00+00:00",736.4,12.6,6831360,48.201893,16.395468
"2003-01-01T00:00+00:00",403.1,12.2,8011800,48.201893,16.395468
"2004-01-01T00:00+00:00",589.7,11.6,6674040,48.201893,16.395468
"2005-01-01T00:00+00:00",562.5,11.5,7239960,48.201893,16.395468
"2006-01-01T00:00+00:00",603.5,12.1,7537680,48.201893,16.395468
"2007-01-01T00:00+00:00",775.5,13,7509240,48.201893,16.395468
"2008-01-01T00:00+00:00",615.1,12.7,6974640,48.201893,16.395468
"2009-01-01T00:00+00:00",765.8,12.4,6975000,48.201893,16.395468
"2010-01-01T00:00+00:00",745,11.1,6419880,48.201893,16.395468
"2011-01-01T00:00+00:00",465.8,12.4,7705080,48.201893,16.395468
"2012-01-01T00:00+00:00",536.9,12.6,7557840,48.201893,16.395468
"2013-01-01T00:00+00:00",641,12.1,6747480,48.201893,16.395468
"2014-01-01T00:00+00:00",703.3,13.2,6701760,48.201893,16.395468
"2015-01-01T00:00+00:00",464.5,13.3,7224840,48.201893,16.395468
"2016-01-01T00:00+00:00",660.2,12.7,7122960,48.201893,16.395468
"2017-01-01T00:00+00:00",537.5,12.8,7424640,48.201893,16.395468
"2018-01-01T00:00+00:00",632.3,13.6,7491600,48.201893,16.395468
"2019-01-01T00:00+00:00",579.7,13.6,7395120,48.201893,16.395468
"2020-01-01T00:00+00:00",643.9,13,7066800,48.201893,16.395468
"2021-01-01T00:00+00:00",523.1,12.3,7242480,48.201893,16.395468
"2022-01-01T00:00+00:00",419.9,13.4,7362720,48.201893,16.395468
"2023-01-01T00:00+00:00",720.6,13.8,6850080,48.201893,16.395468
"2024-01-01T00:00+00:00",736.8,14.4,7286760,48.201893,16.395468
"2025-01-01T00:00+00:00",288,13.9,5314320,48.201893,16.395468
"time","RR..kg.m.2.","TM..degree_Celsius.","SA..s.","lat","lon"
"1991-01-01T00:00+00:00",780.1,9.6,6347880,48.087814,16.28126
"1992-01-01T00:00+00:00",688.7,11,7069680,48.087814,16.28126
"1993-01-01T00:00+00:00",619.3,10,6800040,48.087814,16.28126
"1994-01-01T00:00+00:00",587.6,11.5,6968520,48.087814,16.28126
"1995-01-01T00:00+00:00",792.6,10.3,6351120,48.087814,16.28126
"1996-01-01T00:00+00:00",727.1,8.9,6239520,48.087814,16.28126
"1997-01-01T00:00+00:00",822,10,7089840,48.087814,16.28126
"1998-01-01T00:00+00:00",626,10.7,6799320,48.087814,16.28126
"1999-01-01T00:00+00:00",746.8,10.7,6643080,48.087814,16.28126
"2000-01-01T00:00+00:00",551.7,11.7,7310880,48.087814,16.28126
"2001-01-01T00:00+00:00",571.4,10.7,6695280,48.087814,16.28126
"2002-01-01T00:00+00:00",861.3,11.3,6834960,48.087814,16.28126
"2003-01-01T00:00+00:00",444.3,11,8249400,48.087814,16.28126
"2004-01-01T00:00+00:00",648.2,10.5,6664320,48.087814,16.28126
"2005-01-01T00:00+00:00",659.3,10.3,7328520,48.087814,16.28126
"2006-01-01T00:00+00:00",635,10.8,7536960,48.087814,16.28126
"2007-01-01T00:00+00:00",881.2,11.8,7570440,48.087814,16.28126
"2008-01-01T00:00+00:00",756.7,11.4,7021080,48.087814,16.28126
"2009-01-01T00:00+00:00",902.9,11.1,7058880,48.087814,16.28126
"2010-01-01T00:00+00:00",814.4,9.9,6411600,48.087814,16.28126
"2011-01-01T00:00+00:00",567.2,11.1,7860960,48.087814,16.28126
"2012-01-01T00:00+00:00",624.9,11.4,7611840,48.087814,16.28126
"2013-01-01T00:00+00:00",717.8,10.9,6761880,48.087814,16.28126
"2014-01-01T00:00+00:00",756.4,12,6626880,48.087814,16.28126
"2015-01-01T00:00+00:00",500.4,12.1,7393320,48.087814,16.28126
"2016-01-01T00:00+00:00",773.2,11.5,7253640,48.087814,16.28126
"2017-01-01T00:00+00:00",654.4,11.5,7593840,48.087814,16.28126
"2018-01-01T00:00+00:00",698.1,12.3,7541280,48.087814,16.28126
"2019-01-01T00:00+00:00",598.7,12.3,7479720,48.087814,16.28126
"2020-01-01T00:00+00:00",686.7,11.6,7142760,48.087814,16.28126
"2021-01-01T00:00+00:00",613.3,10.9,7381440,48.087814,16.28126
"2022-01-01T00:00+00:00",466.6,12,7396560,48.087814,16.28126
"2023-01-01T00:00+00:00",768.3,12.4,6812640,48.087814,16.28126
"2024-01-01T00:00+00:00",742.2,12.9,7230960,48.087814,16.28126
"2025-01-01T00:00+00:00",373.2,12.4,5294880,48.087814,16.28126
"time","RR..kg.m.2.","TM..degree_Celsius.","SA..s.","lat","lon"
"1991-01-01T00:00+00:00",634.2,11,6261120,48.211937,16.355654
"1992-01-01T00:00+00:00",559.9,12.4,6960600,48.211937,16.355654
"1993-01-01T00:00+00:00",599.8,11.4,6765480,48.211937,16.355654
"1994-01-01T00:00+00:00",579.8,12.9,6995520,48.211937,16.355654
"1995-01-01T00:00+00:00",720.1,11.6,6368400,48.211937,16.355654
"1996-01-01T00:00+00:00",673.6,10.2,6175440,48.211937,16.355654
"1997-01-01T00:00+00:00",734.3,11.4,7018560,48.211937,16.355654
"1998-01-01T00:00+00:00",637.2,12,6748560,48.211937,16.355654
"1999-01-01T00:00+00:00",666.9,12.1,6674040,48.211937,16.355654
"2000-01-01T00:00+00:00",501.8,13,7283520,48.211937,16.355654
"2001-01-01T00:00+00:00",516.3,11.9,6581160,48.211937,16.355654
"2002-01-01T00:00+00:00",773,12.7,6834960,48.211937,16.355654
"2003-01-01T00:00+00:00",417.2,12.3,8028720,48.211937,16.355654
"2004-01-01T00:00+00:00",637.2,11.7,6662880,48.211937,16.355654
"2005-01-01T00:00+00:00",604.7,11.6,7287120,48.211937,16.355654
"2006-01-01T00:00+00:00",644.9,12.2,7565760,48.211937,16.355654
"2007-01-01T00:00+00:00",814,13.1,7551720,48.211937,16.355654
"2008-01-01T00:00+00:00",651.1,12.8,6989760,48.211937,16.355654
"2009-01-01T00:00+00:00",842.6,12.5,6951240,48.211937,16.355654
"2010-01-01T00:00+00:00",781.1,11.3,6429960,48.211937,16.355654
"2011-01-01T00:00+00:00",500.8,12.5,7730640,48.211937,16.355654
"2012-01-01T00:00+00:00",575.7,12.7,7588080,48.211937,16.355654
"2013-01-01T00:00+00:00",684.3,12.1,6795720,48.211937,16.355654
"2014-01-01T00:00+00:00",728.6,13.3,6715800,48.211937,16.355654
"2015-01-01T00:00+00:00",490.7,13.4,7315200,48.211937,16.355654
"2016-01-01T00:00+00:00",694.7,12.8,7168680,48.211937,16.355654
"2017-01-01T00:00+00:00",567.9,12.9,7466400,48.211937,16.355654
"2018-01-01T00:00+00:00",667.5,13.7,7500600,48.211937,16.355654
"2019-01-01T00:00+00:00",619.3,13.7,7418880,48.211937,16.355654
"2020-01-01T00:00+00:00",675.9,13.2,7000560,48.211937,16.355654
"2021-01-01T00:00+00:00",549.7,12.4,7255080,48.211937,16.355654
"2022-01-01T00:00+00:00",442.1,13.5,7369200,48.211937,16.355654
"2023-01-01T00:00+00:00",747.3,13.9,6864120,48.211937,16.355654
"2024-01-01T00:00+00:00",776.8,14.5,7327080,48.211937,16.355654
"2025-01-01T00:00+00:00",305,14,5301720,48.211937,16.355654
"time","RR..kg.m.2.","TM..degree_Celsius.","SA..s.","lat","lon"
"1991-01-01T00:00+00:00",535.6,9.6,6141240,48.473145,15.978391
"1992-01-01T00:00+00:00",501.3,11,6896160,48.473145,15.978391
"1993-01-01T00:00+00:00",501.9,10,6697440,48.473145,15.978391
"1994-01-01T00:00+00:00",470,11.4,6691320,48.473145,15.978391
"1995-01-01T00:00+00:00",618.5,10.3,6047280,48.473145,15.978391
"1996-01-01T00:00+00:00",640.7,8.8,6020280,48.473145,15.978391
"1997-01-01T00:00+00:00",603.5,9.9,6807960,48.473145,15.978391
"1998-01-01T00:00+00:00",512.3,10.7,6449040,48.473145,15.978391
"1999-01-01T00:00+00:00",575.5,10.7,6500160,48.473145,15.978391
"2000-01-01T00:00+00:00",479.9,11.6,7073280,48.473145,15.978391
"2001-01-01T00:00+00:00",541.4,10.5,6257520,48.473145,15.978391
"2002-01-01T00:00+00:00",747.4,11.3,6680160,48.473145,15.978391
"2003-01-01T00:00+00:00",392,10.9,7983360,48.473145,15.978391
"2004-01-01T00:00+00:00",538,10.3,6603480,48.473145,15.978391
"2005-01-01T00:00+00:00",632.4,10.2,7083000,48.473145,15.978391
"2006-01-01T00:00+00:00",595.1,10.7,7233480,48.473145,15.978391
"2007-01-01T00:00+00:00",682,11.7,7276320,48.473145,15.978391
"2008-01-01T00:00+00:00",587.2,11.4,6771960,48.473145,15.978391
"2009-01-01T00:00+00:00",780.6,11,6723000,48.473145,15.978391
"2010-01-01T00:00+00:00",757.2,9.8,6115320,48.473145,15.978391
"2011-01-01T00:00+00:00",468.4,11,7413120,48.473145,15.978391
"2012-01-01T00:00+00:00",523.8,11.2,7405200,48.473145,15.978391
"2013-01-01T00:00+00:00",648.9,10.7,6489360,48.473145,15.978391
"2014-01-01T00:00+00:00",637.2,11.9,6390720,48.473145,15.978391
"2015-01-01T00:00+00:00",455.6,12.1,7086600,48.473145,15.978391
"2016-01-01T00:00+00:00",646.9,11.4,6937560,48.473145,15.978391
"2017-01-01T00:00+00:00",523.2,11.5,7263360,48.473145,15.978391
"2018-01-01T00:00+00:00",585.5,12.4,7560360,48.473145,15.978391
"2019-01-01T00:00+00:00",602.3,12.3,7403040,48.473145,15.978391
"2020-01-01T00:00+00:00",706,11.7,7046640,48.473145,15.978391
"2021-01-01T00:00+00:00",563.5,11,7016760,48.473145,15.978391
"2022-01-01T00:00+00:00",507.9,12,7182000,48.473145,15.978391
"2023-01-01T00:00+00:00",630.3,12.5,6816240,48.473145,15.978391
"2024-01-01T00:00+00:00",783,13,7171920,48.473145,15.978391
"2025-01-01T00:00+00:00",339.7,12.5,5369400,48.473145,15.978391
"time","RR..kg.m.2.","TM..degree_Celsius.","SA..s.","lat","lon"
"1991-01-01T00:00+00:00",684.9,10.5,6302520,48.221622,16.329273
"1992-01-01T00:00+00:00",599.5,11.9,6987960,48.221622,16.329273
"1993-01-01T00:00+00:00",643.4,10.9,6838200,48.221622,16.329273
"1994-01-01T00:00+00:00",626.5,12.4,7047000,48.221622,16.329273
"1995-01-01T00:00+00:00",767.2,11.2,6400440,48.221622,16.329273
"1996-01-01T00:00+00:00",714.8,9.8,6214680,48.221622,16.329273
"1997-01-01T00:00+00:00",800.3,10.9,7077600,48.221622,16.329273
"1998-01-01T00:00+00:00",678.1,11.6,6798960,48.221622,16.329273
"1999-01-01T00:00+00:00",714.8,11.6,6708600,48.221622,16.329273
"2000-01-01T00:00+00:00",529.7,12.6,7299000,48.221622,16.329273
"2001-01-01T00:00+00:00",550.9,11.4,6595920,48.221622,16.329273
"2002-01-01T00:00+00:00",826.3,12.2,6873480,48.221622,16.329273
"2003-01-01T00:00+00:00",440.8,11.8,8056800,48.221622,16.329273
"2004-01-01T00:00+00:00",696.6,11.3,6706440,48.221622,16.329273
"2005-01-01T00:00+00:00",659.2,11.1,7310520,48.221622,16.329273
"2006-01-01T00:00+00:00",689.4,11.7,7620840,48.221622,16.329273
"2007-01-01T00:00+00:00",870.4,12.6,7593120,48.221622,16.329273
"2008-01-01T00:00+00:00",696.2,12.3,7044480,48.221622,16.329273
"2009-01-01T00:00+00:00",909.6,12,7010280,48.221622,16.329273
"2010-01-01T00:00+00:00",821.9,10.8,6467400,48.221622,16.329273
"2011-01-01T00:00+00:00",534.2,12,7772760,48.221622,16.329273
"2012-01-01T00:00+00:00",614.9,12.2,7638120,48.221622,16.329273
"2013-01-01T00:00+00:00",731.1,11.7,6840720,48.221622,16.329273
"2014-01-01T00:00+00:00",773.9,12.9,6739200,48.221622,16.329273
"2015-01-01T00:00+00:00",529.9,12.9,7319520,48.221622,16.329273
"2016-01-01T00:00+00:00",741.2,12.3,7185600,48.221622,16.329273
"2017-01-01T00:00+00:00",611.4,12.4,7502760,48.221622,16.329273
"2018-01-01T00:00+00:00",713.2,13.3,7563960,48.221622,16.329273
"2019-01-01T00:00+00:00",662.7,13.2,7466400,48.221622,16.329273
"2020-01-01T00:00+00:00",717.2,12.7,7053840,48.221622,16.329273
"2021-01-01T00:00+00:00",584.9,12,7283160,48.221622,16.329273
"2022-01-01T00:00+00:00",471.4,13.1,7407720,48.221622,16.329273
"2023-01-01T00:00+00:00",790.7,13.4,6895080,48.221622,16.329273
"2024-01-01T00:00+00:00",821.5,14,7335000,48.221622,16.329273
"2025-01-01T00:00+00:00",325.9,13.5,5317560,48.221622,16.329273
"time","RR..kg.m.2.","TM..degree_Celsius.","SA..s.","lat","lon"
"1991-01-01T00:00+00:00",637.1,11.1,6258600,48.20295,16.35513
"1992-01-01T00:00+00:00",559.3,12.5,6961680,48.20295,16.35513
"1993-01-01T00:00+00:00",599.2,11.5,6764400,48.20295,16.35513
"1994-01-01T00:00+00:00",579.5,13,6993360,48.20295,16.35513
"1995-01-01T00:00+00:00",720.3,11.7,6347880,48.20295,16.35513
"1996-01-01T00:00+00:00",675,10.3,6169320,48.20295,16.35513
"1997-01-01T00:00+00:00",735.3,11.5,7014600,48.20295,16.35513
"1998-01-01T00:00+00:00",637.7,12.2,6744240,48.20295,16.35513
"1999-01-01T00:00+00:00",667,12.2,6672960,48.20295,16.35513
"2000-01-01T00:00+00:00",501.2,13.1,7279200,48.20295,16.35513
"2001-01-01T00:00+00:00",517.2,12,6581880,48.20295,16.35513
"2002-01-01T00:00+00:00",775,12.8,6826680,48.20295,16.35513
"2003-01-01T00:00+00:00",415.7,12.4,8040240,48.20295,16.35513
"2004-01-01T00:00+00:00",638.1,11.8,6670440,48.20295,16.35513
"2005-01-01T00:00+00:00",608.5,11.7,7285680,48.20295,16.35513
"2006-01-01T00:00+00:00",644.9,12.3,7560720,48.20295,16.35513
"2007-01-01T00:00+00:00",816.1,13.2,7543800,48.20295,16.35513
"2008-01-01T00:00+00:00",654.2,12.9,6995880,48.20295,16.35513
"2009-01-01T00:00+00:00",841.6,12.6,6960240,48.20295,16.35513
"2010-01-01T00:00+00:00",780.5,11.4,6426720,48.20295,16.35513
"2011-01-01T00:00+00:00",503.3,12.6,7723800,48.20295,16.35513
"2012-01-01T00:00+00:00",574.5,12.8,7588440,48.20295,16.35513
"2013-01-01T00:00+00:00",684.7,12.2,6784920,48.20295,16.35513
"2014-01-01T00:00+00:00",731.7,13.4,6691680,48.20295,16.35513
"2015-01-01T00:00+00:00",492.1,13.5,7308360,48.20295,16.35513
"2016-01-01T00:00+00:00",695.3,12.9,7164720,48.20295,16.35513
"2017-01-01T00:00+00:00",570.8,13,7466400,48.20295,16.35513
"2018-01-01T00:00+00:00",666.1,13.8,7504920,48.20295,16.35513
"2019-01-01T00:00+00:00",617.6,13.8,7423560,48.20295,16.35513
"2020-01-01T00:00+00:00",679.9,13.3,7011720,48.20295,16.35513
"2021-01-01T00:00+00:00",548.1,12.5,7251480,48.20295,16.35513
"2022-01-01T00:00+00:00",443.8,13.6,7363080,48.20295,16.35513
"2023-01-01T00:00+00:00",744.6,14.1,6857280,48.20295,16.35513
"2024-01-01T00:00+00:00",780.1,14.6,7326720,48.20295,16.35513
"2025-01-01T00:00+00:00",307.9,14.1,5288040,48.20295,16.35513
